order_id,customer_id,product,category,quantity,unit_price,discount_percent,total_amount,region,payment_mode,order_date
10001,2102,Smartwatch,Wearables,1,7538,20,6030.4,East,UPI,2024-05-14
10002,2435,Keyboard,Accessories,1,2443,10,2198.7,South,Cash on Delivery,2023-03-26
10003,2270,Headphones,Accessories,3,2914,5,8304.9,North,Net Banking,2024-01-21
10004,2106,Mouse,Accessories,3,1604,5,4571.4,South,Cash on Delivery,2023-02-22
10005,2071,Mouse,Accessories,4,2906,5,11042.8,South,Cash on Delivery,2023-04-25
10006,2020,Keyboard,Accessories,1,1736,0,1736.0,North,Net Banking,2023-01-29
10007,2121,Tablet,Electronics,1,39616,10,35654.4,North,UPI,2023-06-02
10008,2466,Headphones,Accessories,2,2341,5,4447.9,South,Credit Card,2024-11-15
10009,2214,Smartwatch,Wearables,1,6386,0,6386.0,West,Debit Card,2024-11-23
10010,2330,Mouse,Accessories,4,2119,10,7628.4,West,Credit Card,2023-11-06
10011,2458,Laptop,Electronics,2,80534,15,136907.8,North,Debit Card,2024-05-21
10012,2087,Smartwatch,Wearables,1,10136,5,9629.2,Central,Cash on Delivery,2023-03-02
10013,2372,Tablet,Electronics,3,24650,0,73950.0,West,UPI,2024-06-07
10014,2099,Keyboard,Accessories,3,2540,5,7239.0,East,UPI,2023-08-04
10015,2130,Mouse,Accessories,3,2550,20,6120.0,East,UPI,2024-04-10
10016,2308,Smartwatch,Wearables,1,13592,0,13592.0,South,UPI,2023-03-27
10017,2343,Monitor,Electronics,2,19018,10,34232.4,East,Net Banking,2024-01-07
10018,2491,Tablet,Electronics,3,34607,10,93438.9,West,Debit Card,2023-04-08
10019,2413,Smartwatch,Wearables,3,17151,5,48880.35,West,Credit Card,2023-12-15
10020,2385,Mouse,Accessories,2,815,0,1630.0,South,UPI,2023-06-19
10021,2191,Mouse,Accessories,2,2097,0,4194.0,East,UPI,2023-01-29
10022,2276,Smartwatch,Wearables,2,14454,5,27462.6,Central,Net Banking,2023-12-25
10023,2160,Headphones,Accessories,4,5760,0,23040.0,East,Credit Card,2024-10-26
10024,2459,Laptop,Electronics,4,85280,15,289952.0,West,Net Banking,2024-01-15
10025,2313,Tablet,Electronics,2,30934,10,55681.2,West,Debit Card,2024-05-07
10026,2021,Mouse,Accessories,2,2711,20,4337.6,South,UPI,2024-11-19
10027,2252,Smartwatch,Wearables,1,15929,5,15132.55,Central,Cash on Delivery,2023-05-25
10028,2560,Keyboard,Accessories,4,2280,15,7752.0,Central,Debit Card,2023-09-24
10029,2474,Smartwatch,Wearables,1,14547,0,14547.0,South,UPI,2024-04-07
10030,2058,Smartwatch,Wearables,4,10370,10,37332.0,West,Net Banking,2024-08-24
10031,2510,Smartwatch,Wearables,2,16303,15,27715.1,West,Debit Card,2023-11-14
10032,2475,Smartphone,Electronics,1,39129,0,39129.0,Central,Credit Card,2023-09-19
10033,2189,Mouse,Accessories,4,2504,10,9014.4,North,Credit Card,2023-06-19
10034,2562,Smartwatch,Wearables,4,14017,5,53264.6,South,Net Banking,2023-01-31
10035,2566,Keyboard,Accessories,3,3074,5,8760.9,North,Net Banking,2023-10-22
10036,2243,Mouse,Accessories,2,1936,0,3872.0,West,Cash on Delivery,2023-12-31
10037,2504,Mouse,Accessories,3,1385,5,3947.25,South,UPI,2023-12-01
10038,2130,Keyboard,Accessories,2,2719,5,5166.1,West,Debit Card,2023-01-17
10039,2484,Headphones,Accessories,4,2885,15,9809.0,East,Net Banking,2024-12-04
10040,2020,Monitor,Electronics,3,12428,0,37284.0,Central,UPI,2024-10-07
10041,2166,Headphones,Accessories,3,4506,5,12842.1,West,Credit Card,2024-05-30
10042,2273,Keyboard,Accessories,1,4842,0,4842.0,East,Net Banking,2023-05-10
10043,2387,Headphones,Accessories,3,5530,10,14931.0,South,Cash on Delivery,2024-10-20
10044,2315,Smartwatch,Wearables,1,13984,10,12585.6,East,UPI,2023-09-28
10045,2013,Mouse,Accessories,4,1784,0,7136.0,East,Credit Card,2023-01-27
10046,2241,Smartphone,Electronics,2,50707,20,81131.2,North,Credit Card,2024-07-11
10047,2345,Mouse,Accessories,3,2675,0,8025.0,Central,Credit Card,2024-12-26
10048,2564,Smartphone,Electronics,2,55201,5,104881.9,West,Debit Card,2024-01-01
10049,2339,Tablet,Electronics,3,32162,10,86837.4,East,Cash on Delivery,2024-07-06
10050,2091,Monitor,Electronics,1,26019,15,22116.15,North,Debit Card,2023-08-30
10051,2366,Smartphone,Electronics,4,26368,5,100198.4,South,Debit Card,2023-06-15
10052,2454,Tablet,Electronics,3,33279,0,99837.0,South,Debit Card,2024-09-26
10053,2427,Keyboard,Accessories,2,4930,10,8874.0,East,Credit Card,2023-11-14
10054,2508,Keyboard,Accessories,4,3554,10,12794.4,West,Net Banking,2023-01-22
10055,2034,Laptop,Electronics,2,60894,0,121788.0,South,Debit Card,2024-06-20
10056,2205,Tablet,Electronics,1,26894,10,24204.6,South,Cash on Delivery,2023-11-03
10057,2080,Monitor,Electronics,4,12920,0,51680.0,Central,UPI,2023-02-04
10058,2561,Laptop,Electronics,1,66236,5,62924.2,North,UPI,2023-01-24
10059,2387,Headphones,Accessories,4,4779,5,18160.2,South,Credit Card,2024-09-08
10060,2001,Laptop,Electronics,4,85849,20,274716.8,Central,Net Banking,2023-07-05
10061,2389,Smartphone,Electronics,2,53297,0,106594.0,West,Debit Card,2024-06-09
10062,2565,Headphones,Accessories,2,4340,5,8246.0,Central,Credit Card,2023-01-14
10063,2105,Tablet,Electronics,4,35740,10,128664.0,Central,Cash on Delivery,2024-04-04
10064,2476,Headphones,Accessories,4,5466,5,20770.8,North,Cash on Delivery,2023-12-27
10065,2401,Headphones,Accessories,1,7802,10,7021.8,South,Credit Card,2024-11-17
10066,2555,Monitor,Electronics,1,24135,15,20514.75,North,Cash on Delivery,2024-09-11
10067,2161,Smartphone,Electronics,3,54707,10,147708.9,North,Credit Card,2023-02-04
10068,2201,Smartphone,Electronics,2,48404,0,96808.0,West,Credit Card,2024-11-23
10069,2269,Tablet,Electronics,2,36726,5,69779.4,North,Cash on Delivery,2023-06-27
10070,2270,Mouse,Accessories,3,2461,10,6644.7,Central,Debit Card,2023-01-08
10071,2455,Smartphone,Electronics,2,43196,10,77752.8,North,Credit Card,2023-04-29
10072,2461,Laptop,Electronics,2,87050,15,147985.0,West,Cash on Delivery,2023-01-01
10073,2251,Laptop,Electronics,3,73598,20,176635.2,East,Net Banking,2024-11-11
10074,2295,Mouse,Accessories,1,1288,5,1223.6,South,Credit Card,2024-09-05
10075,2337,Tablet,Electronics,3,20450,0,61350.0,South,Credit Card,2024-03-30
10076,2052,Headphones,Accessories,1,5147,5,4889.65,South,Debit Card,2024-02-21
10077,2216,Laptop,Electronics,1,68927,5,65480.65,West,Cash on Delivery,2023-11-24
10078,2187,Smartwatch,Wearables,4,16556,0,66224.0,North,Credit Card,2023-02-12
10079,2379,Monitor,Electronics,4,16570,5,62966.0,East,UPI,2023-12-02
10080,2492,Headphones,Accessories,3,7923,5,22580.55,North,Net Banking,2023-11-30
10081,2040,Headphones,Accessories,1,2372,10,2134.8,West,Net Banking,2023-04-16
10082,2156,Monitor,Electronics,4,29914,0,119656.0,Central,Net Banking,2023-06-08
10083,2014,Headphones,Accessories,3,2444,15,6232.2,West,Debit Card,2023-06-21
10084,2064,Headphones,Accessories,4,4938,10,17776.8,East,Cash on Delivery,2024-01-13
10085,2520,Laptop,Electronics,1,69852,15,59374.2,South,Net Banking,2023-02-19
10086,2343,Smartwatch,Wearables,4,8040,5,30552.0,Central,UPI,2024-08-03
10087,2128,Smartphone,Electronics,3,37633,10,101609.1,Central,Net Banking,2023-06-09
10088,2471,Monitor,Electronics,3,17421,0,52263.0,East,UPI,2023-09-20
10089,2062,Smartwatch,Wearables,1,16794,10,15114.6,West,Credit Card,2023-04-12
10090,2138,Mouse,Accessories,2,1543,0,3086.0,North,UPI,2024-10-09
10091,2498,Headphones,Accessories,1,4472,10,4024.8,East,UPI,2024-03-03
10092,2592,Monitor,Electronics,3,18258,5,52035.3,South,Credit Card,2023-12-08
10093,2391,Smartwatch,Wearables,2,5661,10,10189.8,East,UPI,2024-07-01
10094,2418,Keyboard,Accessories,1,2516,5,2390.2,West,Credit Card,2023-02-24
10095,2288,Laptop,Electronics,4,63083,5,239715.4,West,Debit Card,2023-04-14
10096,2378,Laptop,Electronics,2,86116,15,146397.2,North,UPI,2024-07-03
10097,2489,Smartphone,Electronics,4,36163,20,115721.6,North,Debit Card,2024-03-24
10098,2230,Tablet,Electronics,3,19406,20,46574.4,South,Cash on Delivery,2023-05-23
10099,2040,Laptop,Electronics,2,65435,10,117783.0,East,Cash on Delivery,2024-10-31
10100,2027,Keyboard,Accessories,2,1572,0,3144.0,Central,Cash on Delivery,2024-04-10
10101,2134,Headphones,Accessories,2,7656,15,13015.2,South,Credit Card,2023-08-26
10102,2200,Laptop,Electronics,1,75795,0,75795.0,West,Cash on Delivery,2024-06-20
10103,2032,Laptop,Electronics,3,73891,0,221673.0,Central,Credit Card,2024-01-25
10104,2047,Monitor,Electronics,4,16610,10,59796.0,Central,Debit Card,2023-12-11
10105,2502,Headphones,Accessories,2,2689,0,5378.0,North,Debit Card,2023-06-05
10106,2406,Tablet,Electronics,2,16638,15,28284.6,East,Debit Card,2023-12-25
10107,2573,Headphones,Accessories,4,2819,0,11276.0,South,Credit Card,2024-09-19
10108,2098,Headphones,Accessories,3,4044,15,10312.2,West,Debit Card,2024-05-24
10109,2546,Monitor,Electronics,3,15542,0,46626.0,West,Cash on Delivery,2023-08-01
10110,2461,Keyboard,Accessories,1,1964,5,1865.8,South,Net Banking,2023-07-02
10111,2004,Smartphone,Electronics,1,30749,15,26136.65,North,Net Banking,2024-03-11
10112,2217,Tablet,Electronics,1,31955,0,31955.0,East,Credit Card,2023-01-10
10113,2502,Smartwatch,Wearables,2,7247,0,14494.0,South,Debit Card,2023-06-22
10114,2397,Tablet,Electronics,3,18456,15,47062.8,West,Cash on Delivery,2024-04-27
10115,2392,Smartwatch,Wearables,4,5365,20,17168.0,East,UPI,2024-03-11
10116,2206,Smartwatch,Wearables,3,15229,15,38833.95,East,Net Banking,2023-11-16
10117,2014,Keyboard,Accessories,2,3915,0,7830.0,South,Cash on Delivery,2024-07-14
10118,2553,Keyboard,Accessories,4,3716,15,12634.4,Central,Net Banking,2024-10-13
10119,2460,Smartwatch,Wearables,3,8983,15,22906.65,West,Debit Card,2023-08-14
10120,2574,Monitor,Electronics,3,15946,5,45446.1,Central,Net Banking,2024-09-17
10121,2240,Keyboard,Accessories,2,4743,0,9486.0,Central,Net Banking,2024-06-27
10122,2563,Smartphone,Electronics,2,30736,10,55324.8,North,Credit Card,2023-08-26
10123,2095,Mouse,Accessories,3,1055,10,2848.5,Central,Credit Card,2024-06-24
10124,2484,Smartphone,Electronics,1,44858,10,40372.2,North,Net Banking,2024-11-26
10125,2406,Keyboard,Accessories,3,1522,15,3881.1,East,Credit Card,2023-04-21
10126,2230,Smartphone,Electronics,4,56495,5,214681.0,East,Debit Card,2024-05-05
10127,2170,Monitor,Electronics,1,21329,5,20262.55,West,Cash on Delivery,2024-08-20
10128,2540,Tablet,Electronics,2,28944,15,49204.8,Central,Debit Card,2023-01-20
10129,2035,Keyboard,Accessories,3,2593,10,7001.1,West,Cash on Delivery,2024-06-19
10130,2524,Smartphone,Electronics,2,43705,0,87410.0,North,Credit Card,2023-07-07
10131,2159,Laptop,Electronics,1,65036,0,65036.0,Central,Cash on Delivery,2024-05-14
10132,2242,Laptop,Electronics,4,63959,10,230252.4,Central,UPI,2023-07-30
10133,2085,Tablet,Electronics,2,32251,5,61276.9,South,Debit Card,2023-12-16
10134,2577,Laptop,Electronics,3,66256,10,178891.2,East,Cash on Delivery,2023-04-28
10135,2556,Mouse,Accessories,1,1870,20,1496.0,West,UPI,2023-05-04
10136,2573,Laptop,Electronics,3,76230,0,228690.0,East,Credit Card,2024-09-16
10137,2027,Smartphone,Electronics,2,52373,15,89034.1,Central,Credit Card,2023-02-18
10138,2555,Headphones,Accessories,1,4403,20,3522.4,Central,Credit Card,2023-11-09
10139,2339,Smartphone,Electronics,4,33493,10,120574.8,East,UPI,2024-07-01
10140,2330,Monitor,Electronics,1,19435,0,19435.0,West,UPI,2023-09-27
10141,2505,Mouse,Accessories,4,2814,0,11256.0,South,Cash on Delivery,2023-08-16
10142,2347,Monitor,Electronics,4,14000,10,50400.0,East,Cash on Delivery,2023-05-28
10143,2472,Smartwatch,Wearables,4,7361,20,23555.2,North,Debit Card,2024-08-03
10144,2230,Mouse,Accessories,3,1170,0,3510.0,South,Net Banking,2023-06-27
10145,2189,Tablet,Electronics,1,15572,5,14793.4,West,Debit Card,2023-02-12
10146,2224,Keyboard,Accessories,1,2465,5,2341.75,South,UPI,2024-05-31
10147,2384,Laptop,Electronics,2,74357,5,141278.3,South,Cash on Delivery,2023-12-10
10148,2376,Smartphone,Electronics,3,50651,5,144355.35,South,Cash on Delivery,2023-10-04
10149,2282,Headphones,Accessories,4,7997,10,28789.2,North,UPI,2024-09-19
10150,2258,Laptop,Electronics,4,60781,5,230967.8,South,Debit Card,2023-02-13
10151,2358,Headphones,Accessories,1,6869,15,5838.65,Central,Debit Card,2023-11-03
10152,2455,Laptop,Electronics,3,62551,10,168887.7,South,UPI,2023-08-26
10153,2410,Tablet,Electronics,4,26116,15,88794.4,East,Cash on Delivery,2023-02-09
10154,2317,Tablet,Electronics,2,32071,5,60934.9,North,UPI,2024-01-01
10155,2224,Tablet,Electronics,2,27150,20,43440.0,East,UPI,2023-04-19
10156,2233,Keyboard,Accessories,3,2625,10,7087.5,East,UPI,2023-12-19
10157,2373,Headphones,Accessories,4,7025,15,23885.0,North,Net Banking,2024-03-09
10158,2471,Smartwatch,Wearables,2,18537,15,31512.9,West,UPI,2024-08-10
10159,2232,Smartphone,Electronics,4,24079,10,86684.4,South,Debit Card,2023-12-04
10160,2112,Tablet,Electronics,2,21416,15,36407.2,Central,Cash on Delivery,2023-10-16
10161,2496,Monitor,Electronics,4,20487,0,81948.0,East,Cash on Delivery,2023-07-20
10162,2441,Monitor,Electronics,4,19794,5,75217.2,North,Credit Card,2023-05-23
10163,2563,Mouse,Accessories,3,2819,15,7188.45,West,Debit Card,2023-07-26
10164,2267,Laptop,Electronics,2,77522,0,155044.0,North,Debit Card,2024-05-15
10165,2509,Smartwatch,Wearables,4,5423,10,19522.8,East,UPI,2023-06-03
10166,2385,Smartwatch,Wearables,2,16981,10,30565.8,East,UPI,2024-09-27
10167,2386,Monitor,Electronics,3,27317,0,81951.0,West,Cash on Delivery,2024-04-09
10168,2112,Monitor,Electronics,2,23965,0,47930.0,East,Cash on Delivery,2023-08-10
10169,2080,Smartwatch,Wearables,1,12804,10,11523.6,North,Cash on Delivery,2024-09-23
10170,2112,Tablet,Electronics,3,16492,10,44528.4,East,Cash on Delivery,2023-10-31
10171,2001,Laptop,Electronics,4,72132,15,245248.8,North,UPI,2023-03-06
10172,2219,Mouse,Accessories,4,1326,0,5304.0,East,Cash on Delivery,2024-02-10
10173,2565,Mouse,Accessories,4,1304,0,5216.0,South,Credit Card,2024-02-10
10174,2224,Tablet,Electronics,4,32569,10,117248.4,North,Credit Card,2024-08-06
10175,2384,Headphones,Accessories,3,5736,0,17208.0,North,Credit Card,2023-12-28
10176,2402,Tablet,Electronics,1,20410,0,20410.0,West,Net Banking,2024-11-19
10177,2129,Laptop,Electronics,1,81180,5,77121.0,West,Credit Card,2024-12-04
10178,2052,Monitor,Electronics,2,14912,5,28332.8,South,UPI,2024-07-24
10179,2415,Mouse,Accessories,3,2527,0,7581.0,East,UPI,2024-07-11
10180,2246,Smartphone,Electronics,1,28210,5,26799.5,Central,UPI,2023-10-28
10181,2438,Headphones,Accessories,2,5321,15,9045.7,South,Net Banking,2024-11-19
10182,2202,Tablet,Electronics,3,39995,0,119985.0,North,Cash on Delivery,2024-02-16
10183,2183,Keyboard,Accessories,4,1831,10,6591.6,East,Credit Card,2024-03-25
10184,2122,Keyboard,Accessories,3,2062,0,6186.0,Central,Cash on Delivery,2024-05-28
10185,2400,Laptop,Electronics,1,60386,0,60386.0,East,Credit Card,2023-12-23
10186,2293,Keyboard,Accessories,1,1722,5,1635.9,South,Cash on Delivery,2023-04-17
10187,2279,Keyboard,Accessories,2,1874,10,3373.2,North,Credit Card,2023-12-30
10188,2197,Tablet,Electronics,2,33454,15,56871.8,Central,Cash on Delivery,2024-11-02
10189,2510,Smartwatch,Wearables,2,11583,0,23166.0,Central,UPI,2023-01-07
10190,2143,Smartphone,Electronics,4,46167,5,175434.6,Central,Cash on Delivery,2024-02-23
10191,2200,Laptop,Electronics,3,71246,10,192364.2,South,UPI,2024-11-18
10192,2123,Smartphone,Electronics,4,49504,0,198016.0,Central,Debit Card,2023-12-10
10193,2186,Tablet,Electronics,3,31346,5,89336.1,North,UPI,2023-09-19
10194,2325,Mouse,Accessories,3,923,20,2215.2,North,Cash on Delivery,2023-07-20
10195,2463,Smartphone,Electronics,1,40538,5,38511.1,West,Net Banking,2023-06-14
10196,2348,Smartwatch,Wearables,1,5946,5,5648.7,South,Cash on Delivery,2023-12-20
10197,2402,Headphones,Accessories,4,2340,5,8892.0,Central,Credit Card,2024-01-20
10198,2345,Keyboard,Accessories,4,2634,10,9482.4,South,Debit Card,2023-04-14
10199,2510,Smartphone,Electronics,2,59673,15,101444.1,Central,Net Banking,2024-09-04
10200,2146,Monitor,Electronics,4,11708,0,46832.0,South,Credit Card,2024-01-30
10201,2147,Laptop,Electronics,3,76859,20,184461.6,West,Cash on Delivery,2024-06-12
10202,2488,Tablet,Electronics,3,22166,5,63173.1,East,Debit Card,2023-04-12
10203,2550,Monitor,Electronics,3,22991,10,62075.7,West,Credit Card,2024-11-21
10204,2337,Laptop,Electronics,1,75309,20,60247.2,South,Net Banking,2023-02-17
10205,2472,Headphones,Accessories,3,2115,0,6345.0,West,Net Banking,2023-11-19
10206,2150,Monitor,Electronics,3,13420,15,34221.0,Central,Cash on Delivery,2023-11-16
10207,2414,Monitor,Electronics,2,22306,20,35689.6,East,Cash on Delivery,2024-05-02
10208,2297,Smartwatch,Wearables,3,16150,0,48450.0,West,Credit Card,2024-10-09
10209,2262,Keyboard,Accessories,1,4698,5,4463.1,South,Cash on Delivery,2024-01-19
10210,2143,Headphones,Accessories,4,3381,0,13524.0,West,Cash on Delivery,2024-07-26
10211,2345,Laptop,Electronics,3,65242,10,176153.4,Central,Cash on Delivery,2023-07-07
10212,2571,Monitor,Electronics,2,14727,20,23563.2,South,Credit Card,2023-08-19
10213,2001,Laptop,Electronics,1,88454,0,88454.0,South,Cash on Delivery,2023-12-03
10214,2303,Laptop,Electronics,3,67190,0,201570.0,South,UPI,2024-02-16
10215,2253,Keyboard,Accessories,2,2553,5,4850.7,North,Cash on Delivery,2023-10-17
10216,2452,Tablet,Electronics,2,33193,10,59747.4,North,UPI,2023-07-28
10217,2036,Monitor,Electronics,3,15276,15,38953.8,East,Credit Card,2024-09-10
10218,2159,Laptop,Electronics,3,80616,5,229755.6,Central,Credit Card,2024-11-21
10219,2008,Monitor,Electronics,1,22091,10,19881.9,East,Debit Card,2023-06-24
10220,2232,Tablet,Electronics,3,39427,20,94624.8,East,Net Banking,2024-03-06
10221,2098,Keyboard,Accessories,1,4526,5,4299.7,West,Net Banking,2024-06-23
10222,2207,Headphones,Accessories,4,5374,5,20421.2,South,UPI,2024-03-30
10223,2130,Monitor,Electronics,1,25233,10,22709.7,West,Net Banking,2024-04-03
10224,2403,Headphones,Accessories,2,4016,5,7630.4,West,Credit Card,2023-09-20
10225,2151,Tablet,Electronics,4,31923,5,121307.4,North,Cash on Delivery,2023-03-06
10226,2053,Mouse,Accessories,4,2896,5,11004.8,North,Credit Card,2023-02-22
10227,2119,Mouse,Accessories,2,2615,0,5230.0,East,Debit Card,2023-05-18
10228,2586,Laptop,Electronics,3,84472,5,240745.2,Central,Credit Card,2023-04-29
10229,2419,Smartphone,Electronics,4,31950,15,108630.0,East,Debit Card,2024-11-04
10230,2421,Smartwatch,Wearables,1,9025,0,9025.0,South,Net Banking,2024-09-29
10231,2103,Mouse,Accessories,4,1106,15,3760.4,East,Credit Card,2024-12-29
10232,2253,Monitor,Electronics,4,22903,0,91612.0,South,Debit Card,2024-09-01
10233,2226,Laptop,Electronics,2,79660,20,127456.0,Central,Credit Card,2024-10-06
10234,2111,Keyboard,Accessories,4,4902,10,17647.2,North,Cash on Delivery,2023-07-18
10235,2509,Monitor,Electronics,2,23379,10,42082.2,Central,UPI,2024-05-05
10236,2472,Tablet,Electronics,1,33990,10,30591.0,West,Cash on Delivery,2023-08-30
10237,2098,Smartphone,Electronics,2,36241,5,68857.9,West,UPI,2023-01-15
10238,2152,Keyboard,Accessories,4,4000,0,16000.0,South,UPI,2023-04-03
10239,2337,Headphones,Accessories,4,5306,10,19101.6,North,UPI,2024-11-11
10240,2162,Mouse,Accessories,4,2155,0,8620.0,Central,Credit Card,2023-06-03
10241,2160,Keyboard,Accessories,2,2296,20,3673.6,East,UPI,2023-09-04
10242,2579,Smartwatch,Wearables,4,12594,10,45338.4,Central,UPI,2023-07-06
10243,2397,Headphones,Accessories,4,2085,5,7923.0,Central,Credit Card,2024-05-26
10244,2276,Mouse,Accessories,4,2587,10,9313.2,South,UPI,2024-08-25
10245,2503,Laptop,Electronics,2,87236,0,174472.0,East,UPI,2023-09-04
10246,2391,Monitor,Electronics,3,19171,0,57513.0,East,Net Banking,2024-09-02
10247,2134,Keyboard,Accessories,1,4265,10,3838.5,West,Debit Card,2023-04-01
10248,2194,Smartphone,Electronics,2,35417,0,70834.0,Central,Net Banking,2023-07-12
10249,2400,Smartphone,Electronics,1,54540,10,49086.0,North,Cash on Delivery,2024-10-22
10250,2032,Keyboard,Accessories,3,3950,20,9480.0,North,Credit Card,2023-06-03
10251,2459,Smartphone,Electronics,4,24557,0,98228.0,East,Net Banking,2024-07-06
10252,2469,Keyboard,Accessories,4,3081,5,11707.8,Central,Debit Card,2024-01-02
10253,2374,Keyboard,Accessories,4,3512,0,14048.0,West,Net Banking,2024-08-03
10254,2021,Tablet,Electronics,3,20445,10,55201.5,South,Net Banking,2024-11-10
10255,2037,Laptop,Electronics,3,73926,0,221778.0,North,UPI,2023-02-07
10256,2229,Tablet,Electronics,3,28156,0,84468.0,Central,UPI,2023-07-25
10257,2364,Mouse,Accessories,1,1845,0,1845.0,North,Cash on Delivery,2023-07-21
10258,2562,Smartwatch,Wearables,4,15965,0,63860.0,West,Credit Card,2024-07-13
10259,2437,Monitor,Electronics,4,15310,5,58178.0,West,UPI,2024-05-03
10260,2282,Smartwatch,Wearables,3,18689,10,50460.3,East,Net Banking,2024-09-29
10261,2026,Headphones,Accessories,1,6858,0,6858.0,South,Net Banking,2023-12-03
10262,2225,Tablet,Electronics,3,19287,5,54967.95,East,UPI,2024-04-18
10263,2276,Smartwatch,Wearables,3,7535,15,19214.25,East,UPI,2023-09-27
10264,2283,Laptop,Electronics,2,64796,0,129592.0,South,Credit Card,2023-07-12
10265,2480,Smartwatch,Wearables,1,13850,5,13157.5,South,Net Banking,2024-07-08
10266,2452,Monitor,Electronics,2,29477,15,50110.9,Central,Cash on Delivery,2024-06-02
10267,2515,Monitor,Electronics,2,14559,0,29118.0,West,UPI,2023-01-12
10268,2546,Headphones,Accessories,2,2139,10,3850.2,West,Debit Card,2023-02-28
10269,2191,Smartphone,Electronics,1,36402,20,29121.6,North,UPI,2023-05-21
10270,2048,Smartphone,Electronics,4,35950,20,115040.0,South,UPI,2023-12-04
10271,2511,Smartphone,Electronics,3,49240,0,147720.0,Central,Credit Card,2024-07-23
10272,2016,Tablet,Electronics,1,35186,5,33426.7,West,Net Banking,2024-01-22
10273,2171,Tablet,Electronics,2,25825,20,41320.0,Central,Net Banking,2024-03-14
10274,2219,Smartphone,Electronics,3,49340,10,133218.0,West,Debit Card,2024-02-07
10275,2157,Monitor,Electronics,4,11742,5,44619.6,South,UPI,2023-12-18
10276,2476,Monitor,Electronics,4,17619,0,70476.0,South,Credit Card,2023-09-23
10277,2045,Mouse,Accessories,1,2071,0,2071.0,West,UPI,2024-03-24
10278,2372,Mouse,Accessories,1,882,10,793.8,South,Credit Card,2023-02-15
10279,2517,Mouse,Accessories,2,1641,5,3117.9,North,UPI,2024-05-21
10280,2098,Mouse,Accessories,1,872,5,828.4,West,UPI,2023-02-10
10281,2036,Smartphone,Electronics,2,30451,10,54811.8,North,UPI,2023-02-16
10282,2279,Keyboard,Accessories,4,1568,5,5958.4,East,Cash on Delivery,2023-11-10
10283,2348,Monitor,Electronics,1,27910,5,26514.5,West,Credit Card,2023-06-13
10284,2496,Tablet,Electronics,3,16014,20,38433.6,North,Credit Card,2024-11-21
10285,2301,Mouse,Accessories,2,1094,20,1750.4,North,Cash on Delivery,2024-07-02
10286,2180,Monitor,Electronics,1,14458,5,13735.1,Central,UPI,2024-02-24
10287,2098,Keyboard,Accessories,2,3639,10,6550.2,West,UPI,2023-07-24
10288,2115,Smartwatch,Wearables,4,12296,15,41806.4,East,Debit Card,2023-05-01
10289,2190,Tablet,Electronics,1,17032,20,13625.6,West,Cash on Delivery,2023-08-30
10290,2252,Smartwatch,Wearables,3,16707,5,47614.95,West,UPI,2024-06-18
10291,2160,Tablet,Electronics,1,21296,5,20231.2,West,Credit Card,2024-06-27
10292,2255,Smartwatch,Wearables,3,16087,15,41021.85,South,Net Banking,2023-08-01
10293,2322,Smartphone,Electronics,1,37413,5,35542.35,East,UPI,2024-02-18
10294,2127,Smartwatch,Wearables,1,10164,0,10164.0,West,Credit Card,2024-09-07
10295,2017,Headphones,Accessories,1,5089,5,4834.55,East,Debit Card,2024-02-20
10296,2565,Monitor,Electronics,2,21171,5,40224.9,West,Net Banking,2024-11-09
10297,2569,Smartwatch,Wearables,3,13328,5,37984.8,East,Credit Card,2024-04-25
10298,2322,Laptop,Electronics,3,62242,10,168053.4,South,Credit Card,2023-04-03
10299,2287,Tablet,Electronics,4,26164,0,104656.0,North,UPI,2023-10-09
10300,2154,Keyboard,Accessories,1,2837,10,2553.3,West,Credit Card,2023-06-20
10301,2489,Smartphone,Electronics,1,52130,10,46917.0,South,Credit Card,2023-04-03
10302,2385,Keyboard,Accessories,1,4046,5,3843.7,Central,Cash on Delivery,2024-02-17
10303,2103,Laptop,Electronics,3,77042,5,219569.7,Central,Cash on Delivery,2023-08-20
10304,2392,Laptop,Electronics,2,70674,5,134280.6,Central,Debit Card,2023-02-18
10305,2245,Tablet,Electronics,1,15634,5,14852.3,East,Net Banking,2023-01-03
10306,2175,Laptop,Electronics,2,68397,0,136794.0,West,UPI,2023-08-23
10307,2038,Monitor,Electronics,2,21767,0,43534.0,South,Net Banking,2023-05-16
10308,2476,Keyboard,Accessories,1,3353,0,3353.0,South,Net Banking,2023-07-30
10309,2537,Laptop,Electronics,4,68235,10,245646.0,Central,UPI,2024-02-05
10310,2407,Keyboard,Accessories,4,3312,10,11923.2,West,Net Banking,2024-11-12
10311,2524,Monitor,Electronics,1,15944,15,13552.4,East,UPI,2024-12-16
10312,2505,Mouse,Accessories,2,1170,20,1872.0,South,Cash on Delivery,2024-01-04
10313,2035,Keyboard,Accessories,4,1738,0,6952.0,North,UPI,2024-11-15
10314,2019,Laptop,Electronics,4,64251,15,218453.4,West,Cash on Delivery,2024-04-24
10315,2320,Tablet,Electronics,3,30899,0,92697.0,North,Net Banking,2024-07-28
10316,2511,Smartphone,Electronics,2,35228,15,59887.6,Central,Credit Card,2024-11-18
10317,2399,Monitor,Electronics,2,22391,0,44782.0,East,Cash on Delivery,2023-09-21
10318,2470,Monitor,Electronics,3,19867,10,53640.9,South,Cash on Delivery,2024-04-24
10319,2142,Smartphone,Electronics,1,57228,5,54366.6,West,Debit Card,2024-05-13
10320,2091,Mouse,Accessories,2,965,10,1737.0,West,Cash on Delivery,2023-12-22
10321,2353,Laptop,Electronics,4,63839,10,229820.4,North,Net Banking,2023-01-19
10322,2050,Headphones,Accessories,3,7395,5,21075.75,East,Cash on Delivery,2024-12-09
10323,2574,Headphones,Accessories,3,5634,10,15211.8,Central,Debit Card,2023-01-14
10324,2189,Smartwatch,Wearables,3,19806,20,47534.4,West,Debit Card,2024-10-06
10325,2124,Smartwatch,Wearables,3,15066,10,40678.2,East,Net Banking,2023-09-17
10326,2149,Laptop,Electronics,1,78062,15,66352.7,South,UPI,2024-01-10
10327,2313,Monitor,Electronics,3,24501,5,69827.85,South,Net Banking,2023-04-04
10328,2569,Keyboard,Accessories,1,4289,5,4074.55,North,Cash on Delivery,2023-05-30
10329,2341,Smartphone,Electronics,4,43513,10,156646.8,East,Cash on Delivery,2024-06-02
10330,2304,Keyboard,Accessories,4,2451,15,8333.4,West,Cash on Delivery,2023-06-28
10331,2053,Mouse,Accessories,4,2030,5,7714.0,Central,Credit Card,2023-11-05
10332,2443,Tablet,Electronics,3,30457,5,86802.45,South,Debit Card,2024-07-23
10333,2263,Monitor,Electronics,2,22851,5,43416.9,East,Debit Card,2024-09-29
10334,2052,Smartphone,Electronics,1,45159,10,40643.1,East,Debit Card,2023-04-03
10335,2571,Headphones,Accessories,2,6134,0,12268.0,North,Cash on Delivery,2023-03-27
10336,2004,Tablet,Electronics,4,30735,15,104499.0,South,Debit Card,2023-01-11
10337,2102,Smartphone,Electronics,4,30335,0,121340.0,South,UPI,2023-12-21
10338,2195,Mouse,Accessories,4,1790,0,7160.0,Central,Credit Card,2023-07-03
10339,2349,Monitor,Electronics,2,23223,0,46446.0,North,Net Banking,2024-05-17
10340,2046,Smartwatch,Wearables,3,19536,5,55677.6,South,Cash on Delivery,2024-03-03
10341,2268,Mouse,Accessories,2,1026,5,1949.4,West,Cash on Delivery,2023-12-11
10342,2369,Smartphone,Electronics,4,55303,10,199090.8,East,Net Banking,2023-07-07
10343,2105,Monitor,Electronics,2,27958,10,50324.4,East,UPI,2024-04-30
10344,2119,Tablet,Electronics,3,34169,0,102507.0,West,Cash on Delivery,2024-02-26
10345,2057,Smartphone,Electronics,4,28263,0,113052.0,Central,Cash on Delivery,2023-06-26
10346,2345,Smartwatch,Wearables,3,18907,0,56721.0,Central,Net Banking,2024-02-10
10347,2473,Tablet,Electronics,4,15336,0,61344.0,North,Credit Card,2023-09-30
10348,2116,Mouse,Accessories,4,1127,20,3606.4,West,UPI,2023-08-17
10349,2126,Smartwatch,Wearables,1,12678,10,11410.2,Central,Net Banking,2023-01-13
10350,2392,Mouse,Accessories,4,1994,10,7178.4,South,Cash on Delivery,2024-04-11
10351,2057,Smartwatch,Wearables,4,19003,0,76012.0,Central,Cash on Delivery,2023-11-04
10352,2512,Smartphone,Electronics,1,39456,5,37483.2,South,Credit Card,2023-05-20
10353,2095,Tablet,Electronics,1,30549,5,29021.55,North,Cash on Delivery,2023-08-20
10354,2117,Keyboard,Accessories,2,4410,10,7938.0,West,Net Banking,2024-02-11
10355,2559,Mouse,Accessories,4,991,0,3964.0,North,Debit Card,2024-01-06
10356,2487,Laptop,Electronics,3,83383,10,225134.1,Central,Net Banking,2023-01-06
10357,2236,Smartphone,Electronics,3,21051,20,50522.4,Central,Credit Card,2023-11-04
10358,2271,Monitor,Electronics,2,27901,0,55802.0,North,Credit Card,2024-11-26
10359,2188,Mouse,Accessories,3,1767,20,4240.8,East,Credit Card,2024-05-06
10360,2446,Headphones,Accessories,3,5358,0,16074.0,South,Credit Card,2024-05-24
10361,2580,Laptop,Electronics,2,71241,20,113985.6,Central,UPI,2023-04-23
10362,2246,Smartphone,Electronics,3,32392,15,82599.6,Central,Cash on Delivery,2024-04-15
10363,2075,Laptop,Electronics,4,80566,10,290037.6,North,Credit Card,2024-03-08
10364,2153,Tablet,Electronics,4,15249,10,54896.4,West,Credit Card,2023-10-29
10365,2434,Smartphone,Electronics,1,45464,0,45464.0,West,Debit Card,2023-04-01
10366,2085,Headphones,Accessories,2,4773,5,9068.7,West,Cash on Delivery,2024-12-12
10367,2284,Smartwatch,Wearables,3,19884,0,59652.0,North,Credit Card,2023-08-25
10368,2219,Smartwatch,Wearables,2,19365,15,32920.5,North,Cash on Delivery,2023-04-18
10369,2068,Tablet,Electronics,4,38420,5,145996.0,East,Credit Card,2024-08-28
10370,2046,Keyboard,Accessories,1,2173,10,1955.7,South,Debit Card,2024-03-14
10371,2093,Smartphone,Electronics,2,46212,15,78560.4,East,UPI,2023-12-01
10372,2452,Monitor,Electronics,1,14624,5,13892.8,East,UPI,2024-08-12
10373,2203,Keyboard,Accessories,1,1571,5,1492.45,North,Cash on Delivery,2023-09-02
10374,2217,Smartphone,Electronics,4,29275,20,93680.0,West,Cash on Delivery,2024-06-15
10375,2473,Tablet,Electronics,2,21928,10,39470.4,North,Debit Card,2023-01-13
10376,2431,Keyboard,Accessories,3,4970,0,14910.0,South,Cash on Delivery,2024-09-03
10377,2340,Smartphone,Electronics,3,30283,5,86306.55,North,UPI,2023-06-13
10378,2550,Smartphone,Electronics,1,29343,10,26408.7,West,UPI,2024-12-20
10379,2288,Keyboard,Accessories,4,4405,10,15858.0,East,Net Banking,2023-05-16
10380,2253,Monitor,Electronics,4,13575,10,48870.0,West,UPI,2023-11-09
10381,2356,Tablet,Electronics,4,31244,5,118727.2,East,Credit Card,2024-09-01
10382,2022,Smartwatch,Wearables,3,11763,5,33524.55,South,Debit Card,2023-01-06
10383,2521,Headphones,Accessories,4,5854,20,18732.8,North,UPI,2023-01-06
10384,2099,Keyboard,Accessories,4,2334,5,8869.2,Central,UPI,2024-02-20
10385,2179,Tablet,Electronics,2,32356,15,55005.2,South,Debit Card,2024-01-28
10386,2222,Tablet,Electronics,4,29586,0,118344.0,North,Credit Card,2023-03-24
10387,2441,Headphones,Accessories,1,4931,0,4931.0,South,Debit Card,2024-01-03
10388,2324,Keyboard,Accessories,3,2516,0,7548.0,Central,Cash on Delivery,2023-12-21
10389,2515,Headphones,Accessories,4,7578,5,28796.4,South,Debit Card,2024-12-21
10390,2015,Smartwatch,Wearables,4,10874,5,41321.2,South,Net Banking,2023-07-06
10391,2335,Mouse,Accessories,2,1038,10,1868.4,East,Credit Card,2024-10-03
10392,2257,Laptop,Electronics,2,64922,15,110367.4,East,Cash on Delivery,2023-01-17
10393,2496,Smartwatch,Wearables,3,9815,0,29445.0,South,Credit Card,2024-09-21
10394,2159,Headphones,Accessories,1,2925,15,2486.25,South,Debit Card,2024-01-16
10395,2474,Laptop,Electronics,1,83324,15,70825.4,East,Debit Card,2023-01-27
10396,2379,Headphones,Accessories,3,6933,10,18719.1,East,Credit Card,2023-01-30
10397,2544,Tablet,Electronics,1,21364,15,18159.4,Central,Credit Card,2024-01-02
10398,2426,Laptop,Electronics,4,73128,0,292512.0,Central,UPI,2024-05-31
10399,2267,Smartwatch,Wearables,4,19113,0,76452.0,West,Net Banking,2024-10-10
10400,2576,Monitor,Electronics,2,20717,5,39362.3,South,Credit Card,2024-02-19
10401,2416,Tablet,Electronics,3,31513,5,89812.05,East,Credit Card,2023-05-24
10402,2167,Smartwatch,Wearables,4,13532,15,46008.8,North,Net Banking,2024-02-14
10403,2042,Laptop,Electronics,3,84881,0,254643.0,Central,Net Banking,2024-09-09
10404,2555,Smartwatch,Wearables,3,11636,0,34908.0,North,Debit Card,2023-07-14
10405,2284,Smartwatch,Wearables,2,7077,5,13446.3,South,Net Banking,2023-04-06
10406,2396,Tablet,Electronics,1,16015,10,14413.5,East,UPI,2023-10-30
10407,2011,Monitor,Electronics,1,20401,10,18360.9,South,Net Banking,2023-01-12
10408,2301,Monitor,Electronics,4,20079,15,68268.6,North,Cash on Delivery,2023-02-08
10409,2252,Mouse,Accessories,4,2837,15,9645.8,Central,Debit Card,2023-07-13
10410,2498,Smartwatch,Wearables,1,16156,0,16156.0,North,Credit Card,2024-10-19
10411,2034,Smartwatch,Wearables,4,9131,20,29219.2,North,Net Banking,2023-01-22
10412,2089,Laptop,Electronics,2,70878,0,141756.0,West,Net Banking,2023-05-03
10413,2417,Monitor,Electronics,4,15581,10,56091.6,Central,Credit Card,2023-12-03
10414,2114,Mouse,Accessories,1,2379,5,2260.05,North,UPI,2024-01-07
10415,2195,Headphones,Accessories,3,4253,5,12121.05,West,Net Banking,2024-04-20
10416,2500,Monitor,Electronics,3,22172,10,59864.4,East,UPI,2023-07-20
10417,2492,Monitor,Electronics,1,14603,0,14603.0,East,Cash on Delivery,2024-12-24
10418,2074,Monitor,Electronics,4,14042,15,47742.8,South,Credit Card,2024-09-02
10419,2412,Mouse,Accessories,4,928,5,3526.4,Central,Credit Card,2024-11-03
10420,2375,Keyboard,Accessories,3,4935,5,14064.75,Central,Net Banking,2023-04-12
10421,2419,Smartwatch,Wearables,3,15164,15,38668.2,East,Cash on Delivery,2023-02-12
10422,2276,Mouse,Accessories,3,1849,5,5269.65,East,Credit Card,2023-01-20
10423,2393,Keyboard,Accessories,4,3982,0,15928.0,East,Debit Card,2023-02-11
10424,2456,Tablet,Electronics,3,15941,5,45431.85,North,UPI,2023-08-08
10425,2191,Monitor,Electronics,1,28350,10,25515.0,Central,Net Banking,2023-11-13
10426,2098,Keyboard,Accessories,4,3401,20,10883.2,South,Cash on Delivery,2024-01-16
10427,2547,Tablet,Electronics,2,37832,5,71880.8,West,Credit Card,2024-06-06
10428,2095,Smartphone,Electronics,4,47052,5,178797.6,East,Credit Card,2023-06-13
10429,2189,Laptop,Electronics,2,78765,5,149653.5,Central,Net Banking,2023-03-20
10430,2036,Smartwatch,Wearables,2,13435,5,25526.5,West,Credit Card,2023-11-16
10431,2368,Smartphone,Electronics,3,56358,10,152166.6,West,Net Banking,2024-11-03
10432,2524,Laptop,Electronics,1,65867,0,65867.0,East,UPI,2023-03-12
10433,2278,Monitor,Electronics,2,18947,10,34104.6,East,Cash on Delivery,2024-01-12
10434,2216,Tablet,Electronics,2,22354,10,40237.2,East,Debit Card,2024-06-12
10435,2272,Laptop,Electronics,3,64399,20,154557.6,South,Credit Card,2024-06-13
10436,2061,Smartwatch,Wearables,2,15073,20,24116.8,Central,Net Banking,2024-01-25
10437,2595,Smartwatch,Wearables,2,15846,20,25353.6,East,UPI,2024-06-25
10438,2341,Smartphone,Electronics,1,26089,0,26089.0,West,Debit Card,2024-06-24
10439,2396,Monitor,Electronics,1,15606,0,15606.0,South,Cash on Delivery,2023-09-16
10440,2018,Tablet,Electronics,3,30966,5,88253.1,North,Net Banking,2024-12-22
10441,2176,Mouse,Accessories,4,1182,10,4255.2,North,Net Banking,2024-07-20
10442,2395,Smartwatch,Wearables,3,17466,10,47158.2,West,Net Banking,2023-09-22
10443,2444,Monitor,Electronics,2,13124,0,26248.0,Central,Debit Card,2023-05-03
10444,2232,Keyboard,Accessories,3,4522,15,11531.1,North,Debit Card,2023-12-15
10445,2075,Keyboard,Accessories,3,3669,0,11007.0,West,Net Banking,2024-07-10
10446,2264,Smartphone,Electronics,4,31279,20,100092.8,North,UPI,2024-09-05
10447,2454,Monitor,Electronics,2,12313,15,20932.1,Central,Net Banking,2024-01-04
10448,2383,Tablet,Electronics,1,38464,5,36540.8,North,Cash on Delivery,2023-06-20
10449,2563,Smartwatch,Wearables,2,16707,0,33414.0,East,Debit Card,2023-04-02
10450,2505,Keyboard,Accessories,3,1610,5,4588.5,South,UPI,2023-09-06
10451,2366,Keyboard,Accessories,2,4153,10,7475.4,North,Debit Card,2024-01-05
10452,2143,Mouse,Accessories,3,1937,15,4939.35,East,Cash on Delivery,2023-11-05
10453,2068,Laptop,Electronics,2,66893,5,127096.7,North,Debit Card,2024-12-26
10454,2098,Smartwatch,Wearables,3,18851,15,48070.05,Central,Net Banking,2023-09-10
10455,2395,Monitor,Electronics,2,15602,10,28083.6,Central,Net Banking,2024-09-29
10456,2024,Tablet,Electronics,3,17887,10,48294.9,North,UPI,2023-08-02
10457,2468,Smartwatch,Wearables,1,17351,10,15615.9,West,Cash on Delivery,2023-12-18
10458,2483,Mouse,Accessories,2,2740,0,5480.0,East,Debit Card,2023-10-30
10459,2564,Headphones,Accessories,4,7254,10,26114.4,South,Net Banking,2023-04-19
10460,2150,Keyboard,Accessories,1,3659,0,3659.0,East,Net Banking,2024-09-20
10461,2143,Smartphone,Electronics,4,28219,20,90300.8,South,Cash on Delivery,2024-07-03
10462,2568,Smartphone,Electronics,2,38061,0,76122.0,Central,Net Banking,2024-06-14
10463,2038,Mouse,Accessories,2,2848,15,4841.6,Central,Net Banking,2024-05-05
10464,2108,Laptop,Electronics,2,72632,0,145264.0,Central,Cash on Delivery,2024-10-02
10465,2041,Mouse,Accessories,2,2262,10,4071.6,Central,UPI,2024-09-25
10466,2185,Laptop,Electronics,2,74175,0,148350.0,Central,UPI,2024-08-22
10467,2397,Smartwatch,Wearables,4,15860,15,53924.0,South,Cash on Delivery,2024-01-23
10468,2222,Keyboard,Accessories,1,3794,10,3414.6,Central,Credit Card,2024-06-08
10469,2132,Smartphone,Electronics,4,27788,0,111152.0,South,UPI,2024-06-04
10470,2162,Mouse,Accessories,2,1987,0,3974.0,Central,Net Banking,2023-03-14
10471,2214,Laptop,Electronics,4,60198,5,228752.4,West,Net Banking,2023-06-28
10472,2234,Tablet,Electronics,1,22297,5,21182.15,South,Credit Card,2023-04-16
10473,2587,Tablet,Electronics,3,30187,10,81504.9,North,UPI,2024-12-26
10474,2008,Headphones,Accessories,3,3390,15,8644.5,North,Credit Card,2024-05-06
10475,2073,Laptop,Electronics,3,75906,0,227718.0,North,Net Banking,2024-11-21
10476,2491,Keyboard,Accessories,4,2796,0,11184.0,South,Cash on Delivery,2024-06-01
10477,2252,Smartphone,Electronics,4,26358,5,100160.4,South,Debit Card,2023-04-25
10478,2229,Smartwatch,Wearables,2,19356,10,34840.8,West,Debit Card,2023-08-10
10479,2518,Tablet,Electronics,3,18968,10,51213.6,South,UPI,2023-11-08
10480,2173,Mouse,Accessories,2,2848,5,5411.2,North,UPI,2024-07-06
10481,2167,Tablet,Electronics,3,37504,10,101260.8,Central,Cash on Delivery,2024-03-07
10482,2169,Smartwatch,Wearables,1,12437,10,11193.3,South,Debit Card,2023-09-10
10483,2392,Mouse,Accessories,1,2673,5,2539.35,North,Cash on Delivery,2023-03-20
10484,2193,Monitor,Electronics,2,24894,0,49788.0,South,UPI,2024-05-02
10485,2516,Monitor,Electronics,4,19216,0,76864.0,South,Cash on Delivery,2023-11-30
10486,2028,Headphones,Accessories,1,3105,0,3105.0,East,UPI,2024-07-03
10487,2164,Keyboard,Accessories,2,2473,15,4204.1,North,Debit Card,2024-04-29
10488,2421,Laptop,Electronics,4,66449,20,212636.8,West,Credit Card,2024-04-26
10489,2338,Tablet,Electronics,2,28799,5,54718.1,Central,Credit Card,2024-11-27
10490,2495,Mouse,Accessories,2,2262,0,4524.0,South,UPI,2024-06-13
10491,2364,Laptop,Electronics,3,83488,10,225417.6,North,Cash on Delivery,2023-06-10
10492,2341,Laptop,Electronics,4,70345,0,281380.0,East,UPI,2023-02-25
10493,2499,Laptop,Electronics,1,74348,15,63195.8,North,Cash on Delivery,2023-03-20
10494,2510,Keyboard,Accessories,2,3321,15,5645.7,North,UPI,2023-05-26
10495,2326,Monitor,Electronics,2,16637,0,33274.0,West,Credit Card,2024-04-18
10496,2216,Smartwatch,Wearables,2,5240,0,10480.0,South,Debit Card,2024-01-19
10497,2300,Mouse,Accessories,3,1410,20,3384.0,Central,Credit Card,2024-02-17
10498,2131,Keyboard,Accessories,3,3484,0,10452.0,North,Credit Card,2024-02-02
10499,2069,Headphones,Accessories,3,3133,20,7519.2,Central,Cash on Delivery,2024-04-21
10500,2251,Smartwatch,Wearables,2,5060,5,9614.0,Central,Debit Card,2024-06-21
10501,2414,Headphones,Accessories,4,5683,0,22732.0,West,Net Banking,2023-11-23
10502,2444,Monitor,Electronics,4,23327,10,83977.2,Central,Debit Card,2023-01-10
10503,2181,Tablet,Electronics,2,30699,0,61398.0,East,Cash on Delivery,2024-05-15
10504,2166,Keyboard,Accessories,2,3592,0,7184.0,West,Debit Card,2023-01-27
10505,2090,Monitor,Electronics,2,15338,0,30676.0,Central,Net Banking,2024-07-20
10506,2530,Headphones,Accessories,2,6694,10,12049.2,Central,UPI,2024-02-17
10507,2038,Laptop,Electronics,2,73920,15,125664.0,North,Net Banking,2024-07-26
10508,2125,Monitor,Electronics,2,23204,0,46408.0,North,Cash on Delivery,2023-03-15
10509,2450,Monitor,Electronics,3,26075,10,70402.5,West,Cash on Delivery,2024-06-10
10510,2172,Tablet,Electronics,2,39705,0,79410.0,East,Net Banking,2023-07-18
10511,2219,Smartwatch,Wearables,1,15776,10,14198.4,North,Debit Card,2024-03-02
10512,2057,Smartwatch,Wearables,1,19992,0,19992.0,North,Debit Card,2023-05-10
10513,2475,Smartphone,Electronics,4,46619,0,186476.0,West,Cash on Delivery,2024-11-25
10514,2455,Tablet,Electronics,1,26987,10,24288.3,North,Cash on Delivery,2024-06-12
10515,2360,Mouse,Accessories,1,2227,0,2227.0,South,Debit Card,2023-07-24
10516,2000,Laptop,Electronics,3,60154,5,171438.9,Central,Debit Card,2023-04-02
10517,2386,Smartwatch,Wearables,1,9368,0,9368.0,East,Net Banking,2024-08-10
10518,2347,Smartwatch,Wearables,1,10427,15,8862.95,Central,Credit Card,2024-09-21
10519,2189,Smartphone,Electronics,3,38733,0,116199.0,West,Credit Card,2023-05-24
10520,2504,Monitor,Electronics,2,14243,10,25637.4,Central,Debit Card,2024-10-27
10521,2190,Laptop,Electronics,2,85933,10,154679.4,Central,Debit Card,2024-09-11
10522,2507,Mouse,Accessories,2,2752,10,4953.6,East,Net Banking,2023-10-09
10523,2368,Smartwatch,Wearables,1,14294,5,13579.3,West,Credit Card,2023-12-03
10524,2408,Monitor,Electronics,2,25627,20,41003.2,West,Credit Card,2023-12-05
10525,2116,Laptop,Electronics,2,71819,5,136456.1,Central,Cash on Delivery,2023-05-03
10526,2133,Headphones,Accessories,2,7190,0,14380.0,Central,Net Banking,2024-10-08
10527,2057,Keyboard,Accessories,3,1691,5,4819.35,West,UPI,2023-09-28
10528,2555,Smartwatch,Wearables,3,5471,10,14771.7,East,UPI,2024-09-22
10529,2172,Headphones,Accessories,2,4825,0,9650.0,East,Cash on Delivery,2024-09-25
10530,2148,Tablet,Electronics,1,20204,15,17173.4,West,Debit Card,2023-07-16
10531,2079,Tablet,Electronics,3,19732,5,56236.2,Central,Debit Card,2024-03-16
10532,2212,Laptop,Electronics,3,66795,0,200385.0,West,UPI,2023-07-31
10533,2202,Mouse,Accessories,4,2349,10,8456.4,North,Net Banking,2023-11-02
10534,2228,Headphones,Accessories,2,6230,0,12460.0,South,Debit Card,2024-07-09
10535,2226,Mouse,Accessories,2,2480,5,4712.0,North,Net Banking,2023-04-30
10536,2531,Smartphone,Electronics,4,41751,5,158653.8,Central,UPI,2023-12-18
10537,2440,Monitor,Electronics,4,29222,0,116888.0,South,Cash on Delivery,2023-12-09
10538,2401,Mouse,Accessories,1,1088,0,1088.0,Central,Cash on Delivery,2024-03-10
10539,2046,Headphones,Accessories,2,4669,20,7470.4,East,Credit Card,2023-07-13
10540,2232,Smartwatch,Wearables,2,11353,5,21570.7,South,UPI,2023-10-02
10541,2304,Mouse,Accessories,2,1591,5,3022.9,North,Credit Card,2023-02-26
10542,2525,Monitor,Electronics,4,12663,15,43054.2,Central,UPI,2023-04-18
10543,2142,Mouse,Accessories,4,2081,15,7075.4,West,UPI,2023-07-23
10544,2414,Monitor,Electronics,4,15636,0,62544.0,Central,UPI,2024-01-01
10545,2512,Monitor,Electronics,2,21618,0,43236.0,North,Net Banking,2024-12-10
10546,2372,Keyboard,Accessories,1,4504,15,3828.4,East,Cash on Delivery,2024-04-05
10547,2565,Tablet,Electronics,3,21479,5,61215.15,Central,UPI,2023-10-27
10548,2258,Laptop,Electronics,4,80836,20,258675.2,East,Cash on Delivery,2024-11-24
10549,2470,Keyboard,Accessories,4,4029,20,12892.8,South,Credit Card,2024-01-03
10550,2011,Headphones,Accessories,2,3065,20,4904.0,Central,Debit Card,2023-11-03
10551,2329,Monitor,Electronics,2,18412,0,36824.0,West,Debit Card,2024-01-31
10552,2357,Headphones,Accessories,2,5985,0,11970.0,Central,Credit Card,2023-04-11
10553,2407,Tablet,Electronics,3,23417,10,63225.9,South,Cash on Delivery,2024-02-29
10554,2372,Monitor,Electronics,3,29177,5,83154.45,West,Credit Card,2024-01-03
10555,2007,Tablet,Electronics,3,37821,5,107789.85,East,UPI,2024-03-08
10556,2121,Smartwatch,Wearables,3,8815,10,23800.5,West,Net Banking,2023-08-27
10557,2347,Mouse,Accessories,3,1488,10,4017.6,North,Credit Card,2024-06-22
10558,2089,Mouse,Accessories,4,1937,5,7360.6,North,Net Banking,2024-12-08
10559,2315,Smartphone,Electronics,3,32118,5,91536.3,North,Net Banking,2023-05-25
10560,2177,Monitor,Electronics,2,25761,5,48945.9,North,Credit Card,2024-04-12
10561,2539,Monitor,Electronics,4,26963,15,91674.2,West,Credit Card,2023-02-24
10562,2040,Smartwatch,Wearables,2,18833,10,33899.4,South,Cash on Delivery,2024-03-19
10563,2501,Smartphone,Electronics,4,43956,15,149450.4,West,UPI,2023-02-18
10564,2144,Keyboard,Accessories,1,4026,10,3623.4,North,Net Banking,2024-03-21
10565,2200,Smartphone,Electronics,1,40400,5,38380.0,Central,Net Banking,2024-06-16
10566,2460,Headphones,Accessories,4,7943,0,31772.0,South,Debit Card,2023-06-05
10567,2557,Keyboard,Accessories,1,2580,10,2322.0,South,Net Banking,2024-03-01
10568,2546,Tablet,Electronics,1,35716,0,35716.0,North,Credit Card,2024-03-11
10569,2252,Headphones,Accessories,4,7487,20,23958.4,South,UPI,2024-05-23
10570,2389,Monitor,Electronics,2,26698,0,53396.0,Central,Credit Card,2023-09-15
10571,2593,Laptop,Electronics,3,89245,5,254348.25,East,Net Banking,2024-07-01
10572,2255,Smartphone,Electronics,4,58885,10,211986.0,West,UPI,2023-05-26
10573,2449,Keyboard,Accessories,2,2733,0,5466.0,East,Net Banking,2023-07-28
10574,2009,Headphones,Accessories,1,3947,15,3354.95,West,Debit Card,2023-12-31
10575,2241,Laptop,Electronics,4,63392,0,253568.0,West,UPI,2023-04-13
10576,2250,Mouse,Accessories,4,1478,10,5320.8,East,Net Banking,2024-02-06
10577,2004,Laptop,Electronics,4,89733,0,358932.0,East,UPI,2023-06-07
10578,2118,Tablet,Electronics,4,19911,0,79644.0,East,Credit Card,2023-11-07
10579,2373,Laptop,Electronics,4,84014,0,336056.0,Central,UPI,2023-12-24
10580,2064,Monitor,Electronics,4,23419,0,93676.0,North,Net Banking,2023-11-14
10581,2145,Laptop,Electronics,1,77886,20,62308.8,East,Credit Card,2023-06-28
10582,2223,Keyboard,Accessories,2,2601,5,4941.9,East,Cash on Delivery,2024-05-29
10583,2238,Headphones,Accessories,2,7698,15,13086.6,Central,UPI,2023-05-18
10584,2176,Headphones,Accessories,3,2324,5,6623.4,South,Net Banking,2024-05-30
10585,2281,Smartwatch,Wearables,4,14694,0,58776.0,Central,Net Banking,2024-04-17
10586,2062,Smartwatch,Wearables,4,18731,5,71177.8,East,UPI,2023-12-21
10587,2216,Monitor,Electronics,1,23107,15,19640.95,West,Debit Card,2024-01-02
10588,2460,Monitor,Electronics,3,24419,0,73257.0,East,Net Banking,2024-11-23
10589,2104,Smartwatch,Wearables,1,5172,0,5172.0,South,Debit Card,2024-05-31
10590,2098,Tablet,Electronics,2,36619,5,69576.1,North,Debit Card,2024-06-26
10591,2510,Smartwatch,Wearables,3,11539,0,34617.0,West,Credit Card,2024-10-18
10592,2384,Tablet,Electronics,1,34073,15,28962.05,East,Credit Card,2024-08-23
10593,2404,Mouse,Accessories,3,1875,5,5343.75,West,UPI,2023-06-15
10594,2517,Mouse,Accessories,2,1631,20,2609.6,East,UPI,2023-03-28
10595,2475,Smartphone,Electronics,1,37205,5,35344.75,Central,Net Banking,2023-10-28
10596,2436,Smartwatch,Wearables,4,14774,0,59096.0,South,UPI,2024-07-03
10597,2022,Mouse,Accessories,1,1023,10,920.7,South,Net Banking,2024-07-29
10598,2564,Laptop,Electronics,1,88853,0,88853.0,North,Debit Card,2024-01-07
10599,2457,Monitor,Electronics,3,27509,0,82527.0,West,Net Banking,2023-04-21
10600,2082,Tablet,Electronics,2,39037,0,78074.0,South,Debit Card,2023-02-20
10601,2144,Smartwatch,Wearables,2,19593,5,37226.7,North,UPI,2023-08-18
10602,2084,Smartwatch,Wearables,1,8055,5,7652.25,Central,Cash on Delivery,2024-01-24
10603,2077,Headphones,Accessories,2,5052,0,10104.0,North,UPI,2024-10-17
10604,2456,Smartwatch,Wearables,1,13001,10,11700.9,East,UPI,2024-11-08
10605,2000,Tablet,Electronics,2,17823,10,32081.4,South,Net Banking,2024-04-30
10606,2050,Tablet,Electronics,1,22225,5,21113.75,South,Debit Card,2023-09-06
10607,2445,Mouse,Accessories,1,1301,5,1235.95,West,UPI,2024-02-11
10608,2448,Headphones,Accessories,1,2847,15,2419.95,East,Cash on Delivery,2023-08-13
10609,2487,Keyboard,Accessories,1,2102,15,1786.7,North,Credit Card,2024-12-27
10610,2033,Keyboard,Accessories,1,2565,5,2436.75,South,UPI,2023-03-14
10611,2347,Smartwatch,Wearables,1,19341,10,17406.9,North,Cash on Delivery,2023-11-22
10612,2094,Monitor,Electronics,1,10804,0,10804.0,East,UPI,2023-07-28
10613,2071,Tablet,Electronics,3,19141,0,57423.0,Central,Cash on Delivery,2024-05-06
10614,2550,Mouse,Accessories,1,2281,20,1824.8,West,Net Banking,2023-01-16
10615,2153,Laptop,Electronics,3,62000,5,176700.0,South,UPI,2024-01-29
10616,2249,Keyboard,Accessories,3,4549,0,13647.0,North,UPI,2024-08-13
10617,2437,Mouse,Accessories,2,1075,5,2042.5,North,Debit Card,2023-07-07
10618,2117,Tablet,Electronics,4,16849,15,57286.6,East,Net Banking,2024-10-01
10619,2305,Keyboard,Accessories,3,2632,15,6711.6,West,Credit Card,2024-03-09
10620,2267,Keyboard,Accessories,4,3613,10,13006.8,Central,Net Banking,2023-02-08
10621,2053,Monitor,Electronics,1,14766,5,14027.7,East,Credit Card,2024-07-14
10622,2235,Mouse,Accessories,1,1922,15,1633.7,South,Cash on Delivery,2024-05-28
10623,2388,Smartwatch,Wearables,3,6129,5,17467.65,North,Credit Card,2023-06-20
10624,2400,Smartwatch,Wearables,1,14873,0,14873.0,West,Debit Card,2024-11-27
10625,2302,Smartwatch,Wearables,1,8932,0,8932.0,West,Cash on Delivery,2024-03-16
10626,2206,Headphones,Accessories,1,2074,0,2074.0,West,Debit Card,2024-12-22
10627,2228,Laptop,Electronics,2,86131,10,155035.8,West,Net Banking,2023-02-21
10628,2577,Keyboard,Accessories,1,4945,0,4945.0,South,Debit Card,2024-09-29
10629,2074,Mouse,Accessories,3,1273,0,3819.0,Central,Credit Card,2024-01-21
10630,2434,Tablet,Electronics,2,25550,0,51100.0,East,Net Banking,2024-03-20
10631,2102,Laptop,Electronics,2,60808,15,103373.6,Central,Net Banking,2023-02-27
10632,2421,Monitor,Electronics,2,17329,0,34658.0,East,UPI,2024-03-29
10633,2305,Smartphone,Electronics,2,56674,5,107680.6,East,Debit Card,2023-07-07
10634,2097,Headphones,Accessories,2,3507,10,6312.6,North,Cash on Delivery,2024-07-11
10635,2334,Tablet,Electronics,4,19987,5,75950.6,North,Cash on Delivery,2023-11-25
10636,2434,Smartwatch,Wearables,3,18210,0,54630.0,East,Net Banking,2023-01-26
10637,2446,Headphones,Accessories,3,3919,10,10581.3,South,UPI,2024-01-02
10638,2307,Keyboard,Accessories,4,2023,0,8092.0,North,Net Banking,2024-11-19
10639,2248,Tablet,Electronics,2,37368,10,67262.4,Central,Debit Card,2023-04-27
10640,2165,Headphones,Accessories,2,4976,15,8459.2,East,Cash on Delivery,2024-11-08
10641,2480,Smartphone,Electronics,2,41137,5,78160.3,North,Credit Card,2023-07-05
10642,2334,Keyboard,Accessories,2,3061,0,6122.0,North,Net Banking,2024-03-30
10643,2541,Tablet,Electronics,4,35150,0,140600.0,South,Net Banking,2023-02-21
10644,2105,Keyboard,Accessories,2,2709,15,4605.3,South,Cash on Delivery,2024-03-07
10645,2562,Laptop,Electronics,4,62544,10,225158.4,West,Debit Card,2024-10-12
10646,2080,Tablet,Electronics,1,39908,5,37912.6,West,Cash on Delivery,2023-06-22
10647,2132,Smartwatch,Wearables,4,18218,10,65584.8,North,Cash on Delivery,2024-10-16
10648,2137,Mouse,Accessories,4,2665,0,10660.0,West,Credit Card,2024-10-25
10649,2183,Mouse,Accessories,3,1305,10,3523.5,South,UPI,2024-01-28
10650,2400,Headphones,Accessories,2,6856,5,13026.4,North,Debit Card,2024-07-09
10651,2329,Smartwatch,Wearables,4,18186,15,61832.4,Central,Debit Card,2024-12-16
10652,2507,Laptop,Electronics,2,87895,0,175790.0,North,UPI,2023-12-13
10653,2068,Smartphone,Electronics,1,56766,0,56766.0,Central,Credit Card,2023-12-09
10654,2545,Laptop,Electronics,1,89825,20,71860.0,Central,Debit Card,2023-12-07
10655,2052,Monitor,Electronics,1,19752,15,16789.2,South,Debit Card,2024-03-29
10656,2449,Laptop,Electronics,1,84568,0,84568.0,Central,Credit Card,2024-01-06
10657,2204,Headphones,Accessories,3,4017,20,9640.8,West,Cash on Delivery,2023-03-10
10658,2125,Mouse,Accessories,4,1011,0,4044.0,East,UPI,2024-07-04
10659,2042,Tablet,Electronics,1,28809,0,28809.0,South,UPI,2024-08-11
10660,2110,Tablet,Electronics,4,22492,5,85469.6,South,Cash on Delivery,2023-11-26
10661,2182,Laptop,Electronics,4,73265,5,278407.0,Central,Debit Card,2024-04-18
10662,2094,Smartphone,Electronics,2,31926,5,60659.4,East,Debit Card,2023-06-07
10663,2373,Mouse,Accessories,3,2573,10,6947.1,North,Net Banking,2024-12-01
10664,2519,Headphones,Accessories,2,4778,0,9556.0,West,Credit Card,2023-07-21
10665,2359,Monitor,Electronics,4,19980,0,79920.0,East,Net Banking,2023-01-07
10666,2280,Mouse,Accessories,4,1323,5,5027.4,West,Cash on Delivery,2023-10-15
10667,2194,Headphones,Accessories,1,7402,0,7402.0,West,Credit Card,2023-04-13
10668,2194,Monitor,Electronics,1,25385,15,21577.25,West,Credit Card,2024-09-25
10669,2092,Keyboard,Accessories,3,4165,0,12495.0,West,Debit Card,2024-05-10
10670,2060,Mouse,Accessories,4,1137,0,4548.0,East,Net Banking,2023-07-01
10671,2050,Monitor,Electronics,2,20174,15,34295.8,West,Cash on Delivery,2023-04-10
10672,2402,Smartphone,Electronics,2,36779,5,69880.1,Central,Debit Card,2023-12-30
10673,2004,Headphones,Accessories,2,4291,15,7294.7,East,Net Banking,2024-05-18
10674,2465,Keyboard,Accessories,2,2662,20,4259.2,South,UPI,2024-12-03
10675,2533,Smartwatch,Wearables,4,6109,5,23214.2,South,UPI,2024-01-07
10676,2404,Monitor,Electronics,4,22388,10,80596.8,Central,Cash on Delivery,2024-05-26
10677,2512,Monitor,Electronics,1,14491,5,13766.45,Central,Debit Card,2024-02-03
10678,2232,Smartphone,Electronics,3,38256,15,97552.8,West,Cash on Delivery,2024-01-06
10679,2523,Headphones,Accessories,4,2228,0,8912.0,North,Cash on Delivery,2023-08-02
10680,2345,Smartphone,Electronics,2,36704,10,66067.2,North,Net Banking,2024-12-11
10681,2045,Smartwatch,Wearables,3,15618,5,44511.3,West,Debit Card,2024-04-10
10682,2545,Smartphone,Electronics,4,52391,0,209564.0,East,Credit Card,2023-04-13
10683,2077,Keyboard,Accessories,3,4864,15,12403.2,South,UPI,2024-04-20
10684,2072,Keyboard,Accessories,3,3013,10,8135.1,North,UPI,2024-10-29
10685,2248,Smartwatch,Wearables,1,14810,10,13329.0,West,Net Banking,2024-04-15
10686,2046,Monitor,Electronics,3,14498,15,36969.9,South,Cash on Delivery,2023-07-29
10687,2120,Headphones,Accessories,1,7709,0,7709.0,West,Credit Card,2023-11-20
10688,2213,Monitor,Electronics,3,23039,0,69117.0,South,Net Banking,2023-04-15
10689,2238,Mouse,Accessories,2,2759,10,4966.2,North,Debit Card,2024-01-02
10690,2055,Smartphone,Electronics,2,36608,10,65894.4,West,Credit Card,2024-09-14
10691,2349,Headphones,Accessories,2,2748,0,5496.0,West,Credit Card,2024-07-22
10692,2106,Keyboard,Accessories,2,4990,20,7984.0,East,Cash on Delivery,2023-10-08
10693,2047,Smartphone,Electronics,3,44502,5,126830.7,South,Cash on Delivery,2024-07-14
10694,2572,Monitor,Electronics,2,18539,5,35224.1,East,Credit Card,2023-09-30
10695,2336,Tablet,Electronics,1,38664,10,34797.6,Central,Cash on Delivery,2024-11-28
10696,2025,Laptop,Electronics,1,81700,5,77615.0,South,UPI,2024-01-27
10697,2256,Smartphone,Electronics,2,20368,0,40736.0,North,Debit Card,2023-08-05
10698,2007,Headphones,Accessories,3,6259,15,15960.45,Central,Credit Card,2023-09-10
10699,2252,Keyboard,Accessories,2,3393,5,6446.7,Central,UPI,2024-03-15
10700,2302,Keyboard,Accessories,1,2518,0,2518.0,East,Credit Card,2023-08-19
10701,2055,Mouse,Accessories,2,1256,10,2260.8,South,Credit Card,2023-10-19
10702,2525,Laptop,Electronics,1,79095,5,75140.25,Central,Cash on Delivery,2023-10-03
10703,2473,Tablet,Electronics,2,16014,10,28825.2,West,Debit Card,2023-08-28
10704,2027,Headphones,Accessories,2,5370,20,8592.0,North,Debit Card,2024-11-09
10705,2077,Monitor,Electronics,1,12650,0,12650.0,Central,UPI,2023-07-23
10706,2215,Keyboard,Accessories,4,4299,10,15476.4,North,Debit Card,2024-09-26
10707,2385,Monitor,Electronics,2,25540,10,45972.0,North,Net Banking,2024-03-19
10708,2364,Monitor,Electronics,4,23919,15,81324.6,East,Cash on Delivery,2023-08-12
10709,2525,Smartphone,Electronics,2,44811,10,80659.8,Central,Credit Card,2024-10-17
10710,2311,Smartphone,Electronics,4,50815,5,193097.0,Central,UPI,2024-05-15
10711,2006,Smartphone,Electronics,4,20132,0,80528.0,North,Credit Card,2024-01-14
10712,2002,Monitor,Electronics,4,25690,5,97622.0,East,Debit Card,2024-09-26
10713,2362,Monitor,Electronics,2,29445,20,47112.0,East,Net Banking,2024-10-08
10714,2507,Smartwatch,Wearables,2,9223,10,16601.4,North,Cash on Delivery,2024-01-29
10715,2273,Keyboard,Accessories,3,3592,10,9698.4,East,UPI,2024-11-02
10716,2505,Smartphone,Electronics,2,37221,10,66997.8,West,Debit Card,2024-07-05
10717,2014,Smartphone,Electronics,3,30420,5,86697.0,East,Debit Card,2023-10-22
10718,2191,Monitor,Electronics,4,27261,5,103591.8,West,Debit Card,2023-10-20
10719,2484,Laptop,Electronics,4,72823,20,233033.6,North,UPI,2023-01-11
10720,2027,Headphones,Accessories,1,5523,0,5523.0,North,Cash on Delivery,2023-03-21
10721,2038,Smartwatch,Wearables,1,12710,10,11439.0,West,Debit Card,2024-06-10
10722,2272,Smartwatch,Wearables,1,12756,20,10204.8,South,UPI,2024-02-09
10723,2230,Smartwatch,Wearables,4,17280,0,69120.0,Central,UPI,2023-11-22
10724,2085,Laptop,Electronics,3,80124,20,192297.6,East,UPI,2024-08-26
10725,2473,Keyboard,Accessories,2,4174,0,8348.0,South,UPI,2024-12-07
10726,2125,Mouse,Accessories,2,2262,15,3845.4,West,Net Banking,2024-10-18
10727,2536,Headphones,Accessories,2,2513,10,4523.4,South,Debit Card,2024-12-17
10728,2144,Monitor,Electronics,2,18419,20,29470.4,South,Credit Card,2024-09-23
10729,2524,Laptop,Electronics,4,64508,10,232228.8,West,Debit Card,2024-07-11
10730,2211,Tablet,Electronics,1,30511,5,28985.45,North,Credit Card,2023-11-15
10731,2024,Keyboard,Accessories,1,2202,10,1981.8,Central,Net Banking,2023-06-26
10732,2579,Tablet,Electronics,1,20752,0,20752.0,Central,Debit Card,2023-12-29
10733,2393,Monitor,Electronics,4,20394,0,81576.0,East,UPI,2023-05-14
10734,2066,Monitor,Electronics,1,24511,10,22059.9,South,Debit Card,2023-04-16
10735,2232,Tablet,Electronics,1,20411,5,19390.45,West,Net Banking,2023-05-21
10736,2108,Laptop,Electronics,2,71688,0,143376.0,North,Credit Card,2024-11-30
10737,2145,Mouse,Accessories,2,997,5,1894.3,North,Cash on Delivery,2024-09-12
10738,2110,Monitor,Electronics,4,21249,15,72246.6,West,Cash on Delivery,2024-01-07
10739,2227,Monitor,Electronics,1,29037,10,26133.3,Central,Debit Card,2024-04-11
10740,2110,Smartphone,Electronics,2,51891,15,88214.7,South,Cash on Delivery,2024-01-17
10741,2469,Monitor,Electronics,1,23772,5,22583.4,West,UPI,2024-03-13
10742,2033,Tablet,Electronics,2,16564,5,31471.6,West,Credit Card,2024-07-19
10743,2368,Headphones,Accessories,3,4986,10,13462.2,South,UPI,2024-02-20
10744,2594,Headphones,Accessories,4,5442,0,21768.0,East,UPI,2024-10-31
10745,2553,Tablet,Electronics,4,18632,20,59622.4,North,Credit Card,2024-07-18
10746,2424,Laptop,Electronics,3,82883,0,248649.0,North,Cash on Delivery,2024-10-07
10747,2517,Headphones,Accessories,3,5078,15,12948.9,North,Debit Card,2023-06-14
10748,2281,Tablet,Electronics,1,30008,15,25506.8,South,Debit Card,2024-06-15
10749,2319,Mouse,Accessories,4,836,0,3344.0,South,Net Banking,2024-12-06
10750,2442,Keyboard,Accessories,4,4087,5,15530.6,North,UPI,2024-09-14
10751,2314,Headphones,Accessories,3,7736,5,22047.6,North,Credit Card,2024-09-08
10752,2376,Mouse,Accessories,2,2907,10,5232.6,North,UPI,2023-10-14
10753,2288,Headphones,Accessories,2,5420,15,9214.0,West,UPI,2024-10-27
10754,2436,Tablet,Electronics,4,28003,15,95210.2,North,UPI,2024-03-01
10755,2276,Keyboard,Accessories,1,2629,10,2366.1,Central,Credit Card,2023-07-07
10756,2581,Laptop,Electronics,1,82419,15,70056.15,South,Net Banking,2024-11-24
10757,2502,Smartwatch,Wearables,4,15974,20,51116.8,West,Net Banking,2024-09-12
10758,2515,Headphones,Accessories,3,5937,5,16920.45,West,Net Banking,2024-08-15
10759,2349,Smartwatch,Wearables,3,5968,5,17008.8,West,Credit Card,2023-05-12
10760,2445,Monitor,Electronics,4,17382,20,55622.4,North,Cash on Delivery,2024-08-08
10761,2349,Keyboard,Accessories,2,1849,15,3143.3,North,Net Banking,2024-06-10
10762,2136,Laptop,Electronics,1,83467,20,66773.6,West,Debit Card,2023-06-27
10763,2242,Mouse,Accessories,2,1677,5,3186.3,East,Cash on Delivery,2024-03-20
10764,2542,Smartwatch,Wearables,2,15748,10,28346.4,South,Cash on Delivery,2024-04-21
10765,2039,Keyboard,Accessories,3,4213,15,10743.15,West,Net Banking,2024-03-01
10766,2228,Smartwatch,Wearables,1,7191,0,7191.0,South,Net Banking,2024-08-11
10767,2547,Smartwatch,Wearables,3,17225,0,51675.0,East,UPI,2024-11-10
10768,2222,Smartwatch,Wearables,2,6155,5,11694.5,West,Cash on Delivery,2023-05-18
10769,2005,Headphones,Accessories,3,5621,20,13490.4,North,UPI,2023-10-01
10770,2321,Headphones,Accessories,4,5102,0,20408.0,South,Debit Card,2023-05-16
10771,2467,Monitor,Electronics,3,22786,5,64940.1,West,Debit Card,2024-11-07
10772,2074,Smartphone,Electronics,4,29491,20,94371.2,West,UPI,2023-02-16
10773,2003,Keyboard,Accessories,2,1935,0,3870.0,East,Net Banking,2023-03-14
10774,2117,Tablet,Electronics,4,21694,0,86776.0,East,Debit Card,2024-12-23
10775,2503,Headphones,Accessories,1,3465,5,3291.75,East,Net Banking,2024-07-23
10776,2573,Smartphone,Electronics,1,37276,0,37276.0,Central,Cash on Delivery,2023-10-30
10777,2440,Smartwatch,Wearables,4,17883,5,67955.4,East,Cash on Delivery,2024-04-08
10778,2193,Laptop,Electronics,3,65108,20,156259.2,Central,Cash on Delivery,2023-09-12
10779,2391,Tablet,Electronics,4,15745,10,56682.0,West,UPI,2023-09-06
10780,2025,Laptop,Electronics,2,77323,0,154646.0,West,Cash on Delivery,2023-01-20
10781,2434,Laptop,Electronics,1,74893,15,63659.05,Central,Net Banking,2023-09-03
10782,2172,Monitor,Electronics,4,22597,10,81349.2,West,Net Banking,2023-12-27
10783,2299,Smartphone,Electronics,2,56912,5,108132.8,West,Debit Card,2023-05-13
10784,2325,Tablet,Electronics,3,34300,10,92610.0,North,Net Banking,2024-10-04
10785,2409,Smartphone,Electronics,1,24136,15,20515.6,East,Credit Card,2023-07-28
10786,2117,Keyboard,Accessories,2,2714,0,5428.0,West,Credit Card,2024-09-13
10787,2224,Keyboard,Accessories,4,2879,20,9212.8,West,Credit Card,2024-08-28
10788,2531,Headphones,Accessories,4,7694,10,27698.4,North,UPI,2023-05-06
10789,2112,Tablet,Electronics,2,24472,5,46496.8,North,UPI,2024-01-24
10790,2139,Keyboard,Accessories,1,2129,5,2022.55,South,Cash on Delivery,2023-12-11
10791,2558,Tablet,Electronics,4,26415,10,95094.0,North,UPI,2023-03-13
10792,2000,Tablet,Electronics,2,15909,5,30227.1,Central,Cash on Delivery,2023-11-17
10793,2089,Keyboard,Accessories,4,4284,5,16279.2,West,Debit Card,2023-07-13
10794,2319,Monitor,Electronics,4,16330,0,65320.0,West,Cash on Delivery,2024-02-15
10795,2549,Smartphone,Electronics,4,45651,0,182604.0,East,Net Banking,2023-10-21
10796,2138,Tablet,Electronics,3,34790,5,99151.5,East,Cash on Delivery,2023-04-15
10797,2510,Smartphone,Electronics,2,23567,5,44777.3,North,Net Banking,2024-04-07
10798,2258,Mouse,Accessories,1,2574,10,2316.6,South,Credit Card,2024-03-22
10799,2009,Smartwatch,Wearables,1,18839,0,18839.0,South,Debit Card,2024-07-22
10800,2260,Smartphone,Electronics,2,55690,15,94673.0,South,Net Banking,2023-03-27
10801,2171,Tablet,Electronics,2,24096,15,40963.2,South,Debit Card,2023-12-17
10802,2012,Smartwatch,Wearables,4,5352,5,20337.6,South,Net Banking,2023-03-24
10803,2167,Smartphone,Electronics,1,57598,5,54718.1,South,Cash on Delivery,2024-01-25
10804,2595,Headphones,Accessories,4,6563,10,23626.8,Central,Credit Card,2023-03-14
10805,2320,Keyboard,Accessories,4,3233,20,10345.6,South,Credit Card,2023-10-26
10806,2318,Smartwatch,Wearables,4,11681,20,37379.2,South,Cash on Delivery,2023-08-26
10807,2328,Tablet,Electronics,4,20692,15,70352.8,North,Debit Card,2023-11-26
10808,2549,Mouse,Accessories,1,2840,10,2556.0,East,Net Banking,2023-04-09
10809,2418,Monitor,Electronics,3,25234,0,75702.0,South,Net Banking,2023-09-28
10810,2094,Laptop,Electronics,4,85125,0,340500.0,Central,UPI,2023-07-18
10811,2580,Monitor,Electronics,3,26679,15,68031.45,East,Credit Card,2023-07-22
10812,2317,Mouse,Accessories,1,1560,5,1482.0,Central,Cash on Delivery,2024-08-24
10813,2235,Keyboard,Accessories,2,3620,10,6516.0,Central,Cash on Delivery,2024-09-06
10814,2333,Headphones,Accessories,4,5258,15,17877.2,East,Net Banking,2024-03-17
10815,2375,Laptop,Electronics,1,81390,0,81390.0,Central,Net Banking,2023-04-01
10816,2458,Mouse,Accessories,3,1315,15,3353.25,Central,Net Banking,2024-01-30
10817,2136,Smartwatch,Wearables,2,13330,5,25327.0,North,Net Banking,2024-01-20
10818,2587,Smartphone,Electronics,2,40684,5,77299.6,East,UPI,2024-10-01
10819,2546,Tablet,Electronics,3,34369,0,103107.0,North,Net Banking,2023-03-01
10820,2512,Monitor,Electronics,1,18652,5,17719.4,West,Debit Card,2023-06-07
10821,2295,Smartphone,Electronics,1,25167,20,20133.6,South,Net Banking,2024-08-23
10822,2319,Smartwatch,Wearables,1,7460,20,5968.0,North,UPI,2023-05-25
10823,2571,Laptop,Electronics,4,69581,10,250491.6,West,Credit Card,2024-07-15
10824,2348,Smartphone,Electronics,4,52813,10,190126.8,East,Credit Card,2024-12-04
10825,2228,Smartphone,Electronics,2,29280,5,55632.0,North,Debit Card,2024-07-26
10826,2269,Tablet,Electronics,3,18614,0,55842.0,North,Net Banking,2024-02-19
10827,2290,Smartphone,Electronics,4,49672,0,198688.0,South,UPI,2023-10-19
10828,2164,Mouse,Accessories,2,2696,10,4852.8,Central,Credit Card,2023-04-25
10829,2004,Tablet,Electronics,3,35601,20,85442.4,South,UPI,2024-10-23
10830,2378,Mouse,Accessories,3,2244,0,6732.0,East,Cash on Delivery,2024-10-10
10831,2077,Keyboard,Accessories,1,2411,10,2169.9,East,Debit Card,2023-12-03
10832,2409,Smartphone,Electronics,3,40125,5,114356.25,Central,Cash on Delivery,2024-09-07
10833,2573,Headphones,Accessories,2,4646,0,9292.0,South,Net Banking,2024-01-19
10834,2131,Tablet,Electronics,3,30835,0,92505.0,South,UPI,2023-05-03
10835,2041,Laptop,Electronics,2,78565,5,149273.5,West,Cash on Delivery,2023-08-23
10836,2088,Tablet,Electronics,4,21083,5,80115.4,Central,Credit Card,2023-09-14
10837,2401,Keyboard,Accessories,1,4638,10,4174.2,South,Credit Card,2023-03-09
10838,2295,Keyboard,Accessories,2,2783,0,5566.0,South,Cash on Delivery,2023-07-03
10839,2294,Smartphone,Electronics,3,38722,0,116166.0,East,Credit Card,2023-10-12
10840,2525,Keyboard,Accessories,1,1887,5,1792.65,East,Debit Card,2024-01-22
10841,2421,Headphones,Accessories,3,2451,5,6985.35,North,Credit Card,2023-10-21
10842,2022,Mouse,Accessories,4,2579,5,9800.2,Central,Debit Card,2023-11-30
10843,2574,Laptop,Electronics,1,76312,15,64865.2,East,Credit Card,2024-02-27
10844,2142,Monitor,Electronics,1,25390,10,22851.0,North,Debit Card,2024-07-17
10845,2144,Smartwatch,Wearables,2,15097,0,30194.0,South,Credit Card,2024-03-08
10846,2224,Laptop,Electronics,4,80946,15,275216.4,South,Cash on Delivery,2023-04-30
10847,2502,Tablet,Electronics,3,21429,15,54643.95,South,UPI,2023-11-08
10848,2103,Smartphone,Electronics,1,35456,20,28364.8,Central,Cash on Delivery,2023-05-01
10849,2038,Headphones,Accessories,1,4944,15,4202.4,East,Cash on Delivery,2024-11-15
10850,2197,Monitor,Electronics,3,27907,10,75348.9,West,UPI,2024-10-04
10851,2578,Monitor,Electronics,4,20720,15,70448.0,West,UPI,2024-12-11
10852,2390,Smartwatch,Wearables,4,18823,0,75292.0,Central,Cash on Delivery,2024-01-19
10853,2178,Headphones,Accessories,4,5044,15,17149.6,North,Credit Card,2023-01-20
10854,2553,Smartphone,Electronics,2,43017,0,86034.0,South,UPI,2023-06-03
10855,2447,Keyboard,Accessories,4,4040,0,16160.0,Central,UPI,2024-10-01
10856,2499,Monitor,Electronics,2,18572,20,29715.2,East,Debit Card,2024-06-27
10857,2014,Monitor,Electronics,1,21219,10,19097.1,South,Credit Card,2024-08-14
10858,2288,Smartwatch,Wearables,4,7708,10,27748.8,Central,Cash on Delivery,2023-01-09
10859,2477,Laptop,Electronics,1,65914,10,59322.6,West,Credit Card,2023-07-23
10860,2230,Headphones,Accessories,2,4564,15,7758.8,Central,Net Banking,2023-05-16
10861,2419,Smartphone,Electronics,3,27192,5,77497.2,West,Credit Card,2024-09-14
10862,2156,Laptop,Electronics,2,73180,20,117088.0,West,UPI,2024-07-03
10863,2549,Smartwatch,Wearables,2,19170,5,36423.0,North,Debit Card,2024-11-26
10864,2440,Tablet,Electronics,1,24777,15,21060.45,East,Cash on Delivery,2024-05-03
10865,2096,Keyboard,Accessories,2,4744,15,8064.8,South,Debit Card,2023-01-23
10866,2410,Mouse,Accessories,3,2389,5,6808.65,South,Cash on Delivery,2024-10-01
10867,2288,Smartwatch,Wearables,1,9218,0,9218.0,Central,UPI,2024-10-09
10868,2253,Headphones,Accessories,3,5851,10,15797.7,South,Credit Card,2023-01-07
10869,2195,Laptop,Electronics,3,79159,15,201855.45,East,Cash on Delivery,2023-10-20
10870,2597,Smartwatch,Wearables,3,5209,5,14845.65,West,Credit Card,2023-06-03
10871,2521,Smartwatch,Wearables,2,17866,5,33945.4,West,Debit Card,2023-06-12
10872,2516,Keyboard,Accessories,3,2349,15,5989.95,East,UPI,2023-11-26
10873,2117,Monitor,Electronics,4,25082,10,90295.2,North,Credit Card,2023-06-13
10874,2158,Tablet,Electronics,1,29439,15,25023.15,Central,Debit Card,2023-12-05
10875,2227,Tablet,Electronics,3,24268,5,69163.8,North,Debit Card,2023-11-12
10876,2215,Tablet,Electronics,2,28435,0,56870.0,North,Cash on Delivery,2023-01-22
10877,2014,Tablet,Electronics,4,37634,5,143009.2,East,UPI,2024-03-31
10878,2156,Smartwatch,Wearables,1,18882,10,16993.8,Central,Cash on Delivery,2023-03-13
10879,2260,Keyboard,Accessories,2,2579,5,4900.1,West,Credit Card,2024-03-25
10880,2156,Tablet,Electronics,1,30608,10,27547.2,East,Net Banking,2023-09-12
10881,2046,Tablet,Electronics,4,15591,0,62364.0,West,Credit Card,2023-09-26
10882,2323,Mouse,Accessories,3,1328,5,3784.8,Central,Debit Card,2024-03-16
10883,2129,Mouse,Accessories,1,1845,20,1476.0,South,Cash on Delivery,2024-11-05
10884,2410,Smartwatch,Wearables,3,13007,0,39021.0,West,Cash on Delivery,2024-11-14
10885,2094,Headphones,Accessories,4,3709,10,13352.4,East,Credit Card,2024-01-16
10886,2291,Keyboard,Accessories,4,3038,10,10936.8,East,Credit Card,2024-04-25
10887,2282,Headphones,Accessories,4,5496,10,19785.6,East,Credit Card,2023-01-18
10888,2068,Smartwatch,Wearables,4,17504,0,70016.0,East,Credit Card,2023-02-28
10889,2010,Monitor,Electronics,4,12015,5,45657.0,North,Credit Card,2024-08-05
10890,2253,Tablet,Electronics,2,19412,10,34941.6,Central,UPI,2023-01-25
10891,2549,Monitor,Electronics,4,22288,20,71321.6,North,Credit Card,2023-11-16
10892,2133,Tablet,Electronics,1,37028,0,37028.0,East,Debit Card,2024-09-14
10893,2022,Tablet,Electronics,1,15232,15,12947.2,West,Debit Card,2023-10-23
10894,2345,Smartphone,Electronics,3,30916,15,78835.8,East,Net Banking,2024-05-17
10895,2301,Laptop,Electronics,2,67902,5,129013.8,North,Debit Card,2024-09-30
10896,2362,Laptop,Electronics,1,84710,15,72003.5,South,Debit Card,2023-08-09
10897,2395,Mouse,Accessories,2,965,5,1833.5,Central,UPI,2024-04-27
10898,2217,Smartphone,Electronics,3,23573,5,67183.05,West,UPI,2023-08-29
10899,2140,Smartphone,Electronics,1,49430,5,46958.5,North,Credit Card,2024-06-16
10900,2209,Headphones,Accessories,4,2306,0,9224.0,South,Cash on Delivery,2023-08-31
10901,2459,Smartphone,Electronics,1,44399,5,42179.05,North,Cash on Delivery,2023-07-14
10902,2355,Laptop,Electronics,3,86368,5,246148.8,West,UPI,2023-12-15
10903,2323,Smartphone,Electronics,4,42923,0,171692.0,North,UPI,2024-10-02
10904,2132,Monitor,Electronics,2,24691,10,44443.8,East,Net Banking,2024-08-13
10905,2126,Mouse,Accessories,2,2876,5,5464.4,West,Debit Card,2023-05-31
10906,2105,Keyboard,Accessories,4,2412,20,7718.4,South,Cash on Delivery,2023-11-07
10907,2377,Smartwatch,Wearables,3,13741,15,35039.55,West,Credit Card,2023-09-12
10908,2050,Headphones,Accessories,4,3883,10,13978.8,Central,Net Banking,2024-06-19
10909,2028,Monitor,Electronics,4,22420,10,80712.0,Central,Cash on Delivery,2024-06-24
10910,2461,Smartphone,Electronics,2,38073,20,60916.8,South,Credit Card,2023-10-26
10911,2295,Headphones,Accessories,3,3864,5,11012.4,East,UPI,2024-06-27
10912,2296,Smartwatch,Wearables,4,13744,10,49478.4,West,Debit Card,2024-10-22
10913,2406,Laptop,Electronics,4,66922,0,267688.0,East,UPI,2024-10-31
10914,2404,Smartphone,Electronics,2,50346,15,85588.2,Central,Cash on Delivery,2024-05-28
10915,2345,Headphones,Accessories,4,6737,0,26948.0,North,Cash on Delivery,2023-05-08
10916,2419,Smartphone,Electronics,3,52705,0,158115.0,North,Credit Card,2024-10-04
10917,2181,Keyboard,Accessories,4,3709,5,14094.2,West,Credit Card,2024-04-10
10918,2000,Monitor,Electronics,3,16999,20,40797.6,Central,Debit Card,2024-10-18
10919,2566,Smartwatch,Wearables,1,17894,0,17894.0,Central,Credit Card,2024-03-31
10920,2370,Tablet,Electronics,4,25046,10,90165.6,Central,UPI,2024-08-26
10921,2430,Laptop,Electronics,1,69650,15,59202.5,East,Net Banking,2023-11-20
10922,2308,Tablet,Electronics,4,36057,0,144228.0,North,Net Banking,2024-06-11
10923,2136,Keyboard,Accessories,1,2877,15,2445.45,South,Credit Card,2024-11-28
10924,2201,Mouse,Accessories,2,2889,5,5489.1,South,Credit Card,2023-09-22
10925,2435,Keyboard,Accessories,2,3342,0,6684.0,Central,Net Banking,2023-03-09
10926,2312,Tablet,Electronics,2,29679,20,47486.4,Central,Debit Card,2023-03-15
10927,2116,Keyboard,Accessories,1,2485,20,1988.0,East,Cash on Delivery,2024-10-29
10928,2574,Mouse,Accessories,3,1657,5,4722.45,West,Debit Card,2024-03-02
10929,2243,Keyboard,Accessories,2,4383,0,8766.0,West,UPI,2024-02-13
10930,2536,Keyboard,Accessories,4,2096,5,7964.8,West,Cash on Delivery,2024-02-18
10931,2074,Laptop,Electronics,1,87258,5,82895.1,Central,Cash on Delivery,2023-12-08
10932,2385,Headphones,Accessories,1,3685,5,3500.75,South,Net Banking,2023-09-23
10933,2209,Keyboard,Accessories,2,1953,0,3906.0,East,Net Banking,2023-05-12
10934,2474,Smartphone,Electronics,4,52543,5,199663.4,South,UPI,2023-02-28
10935,2417,Monitor,Electronics,1,27629,10,24866.1,East,UPI,2023-12-15
10936,2346,Keyboard,Accessories,3,1781,0,5343.0,South,Net Banking,2023-01-08
10937,2528,Smartwatch,Wearables,1,18111,20,14488.8,Central,Net Banking,2024-09-23
10938,2178,Headphones,Accessories,3,4939,0,14817.0,West,Debit Card,2024-04-08
10939,2181,Laptop,Electronics,4,79159,20,253308.8,East,Credit Card,2024-06-08
10940,2024,Mouse,Accessories,2,2336,0,4672.0,Central,Debit Card,2024-12-24
10941,2179,Smartwatch,Wearables,3,7329,10,19788.3,South,Net Banking,2024-01-13
10942,2500,Monitor,Electronics,3,12822,5,36542.7,North,UPI,2024-04-18
10943,2160,Smartphone,Electronics,3,21257,0,63771.0,North,Credit Card,2023-05-29
10944,2176,Headphones,Accessories,3,4652,10,12560.4,North,Credit Card,2023-03-10
10945,2284,Tablet,Electronics,2,37295,5,70860.5,South,Credit Card,2024-07-19
10946,2062,Mouse,Accessories,3,1284,15,3274.2,North,UPI,2023-09-01
10947,2155,Monitor,Electronics,4,22807,0,91228.0,East,UPI,2023-06-08
10948,2468,Keyboard,Accessories,3,3450,10,9315.0,North,Net Banking,2023-12-23
10949,2048,Headphones,Accessories,4,5955,5,22629.0,Central,Debit Card,2024-11-18
10950,2083,Monitor,Electronics,2,17127,10,30828.6,North,Cash on Delivery,2024-10-07
10951,2360,Laptop,Electronics,2,75858,20,121372.8,Central,Net Banking,2024-07-15
10952,2147,Tablet,Electronics,4,30202,10,108727.2,West,Net Banking,2023-06-27
10953,2341,Monitor,Electronics,1,23870,10,21483.0,East,Credit Card,2024-10-23
10954,2475,Monitor,Electronics,2,12729,15,21639.3,South,Cash on Delivery,2023-11-19
10955,2062,Smartphone,Electronics,2,48546,0,97092.0,East,Net Banking,2024-01-17
10956,2359,Mouse,Accessories,4,1917,10,6901.2,West,Cash on Delivery,2023-02-09
10957,2560,Laptop,Electronics,3,70222,0,210666.0,West,Credit Card,2024-06-12
10958,2326,Keyboard,Accessories,2,4166,5,7915.4,South,Debit Card,2024-01-08
10959,2140,Keyboard,Accessories,1,1607,15,1365.95,East,UPI,2023-09-13
10960,2214,Monitor,Electronics,1,27861,15,23681.85,South,Credit Card,2024-04-17
10961,2434,Mouse,Accessories,4,1147,5,4358.6,Central,Credit Card,2024-03-10
10962,2317,Smartphone,Electronics,1,39422,0,39422.0,West,Cash on Delivery,2023-08-15
10963,2031,Headphones,Accessories,3,5660,15,14433.0,East,Net Banking,2023-04-02
10964,2284,Tablet,Electronics,2,17285,15,29384.5,Central,Net Banking,2023-10-07
10965,2304,Smartphone,Electronics,3,28562,5,81401.7,East,Debit Card,2024-01-10
10966,2428,Tablet,Electronics,1,38092,5,36187.4,West,UPI,2024-07-03
10967,2476,Smartwatch,Wearables,3,18018,0,54054.0,East,UPI,2023-11-04
10968,2285,Laptop,Electronics,3,75611,0,226833.0,Central,Debit Card,2024-08-30
10969,2143,Mouse,Accessories,2,1283,0,2566.0,Central,Net Banking,2023-07-27
10970,2423,Smartwatch,Wearables,1,15271,20,12216.8,South,Net Banking,2024-12-18
10971,2018,Headphones,Accessories,1,7886,0,7886.0,West,Credit Card,2023-12-14
10972,2017,Monitor,Electronics,1,18640,15,15844.0,North,UPI,2023-06-26
10973,2589,Keyboard,Accessories,3,3987,5,11362.95,Central,Net Banking,2024-08-31
10974,2370,Mouse,Accessories,4,2301,10,8283.6,Central,Debit Card,2023-04-25
10975,2174,Keyboard,Accessories,2,2541,10,4573.8,Central,Debit Card,2024-12-30
10976,2193,Smartwatch,Wearables,2,5023,20,8036.8,East,Debit Card,2024-06-08
10977,2501,Tablet,Electronics,3,29713,0,89139.0,West,Net Banking,2024-07-26
10978,2112,Tablet,Electronics,4,27961,5,106251.8,Central,Debit Card,2024-11-03
10979,2113,Laptop,Electronics,3,69664,10,188092.8,North,UPI,2024-09-26
10980,2221,Smartphone,Electronics,3,20784,10,56116.8,North,Cash on Delivery,2023-06-19
10981,2263,Smartwatch,Wearables,3,18410,5,52468.5,East,UPI,2023-11-21
10982,2054,Mouse,Accessories,1,2278,10,2050.2,East,Credit Card,2024-05-30
10983,2457,Laptop,Electronics,1,78580,0,78580.0,East,UPI,2023-11-20
10984,2161,Laptop,Electronics,1,85171,15,72395.35,North,Cash on Delivery,2023-08-20
10985,2379,Headphones,Accessories,3,2975,20,7140.0,North,Debit Card,2023-12-29
10986,2086,Monitor,Electronics,2,16718,0,33436.0,West,Net Banking,2024-09-08
10987,2054,Mouse,Accessories,1,2392,5,2272.4,Central,Debit Card,2023-09-17
10988,2475,Laptop,Electronics,1,87268,0,87268.0,Central,Net Banking,2024-12-07
10989,2177,Monitor,Electronics,2,25954,0,51908.0,North,Net Banking,2024-07-14
10990,2390,Headphones,Accessories,1,2406,15,2045.1,East,Credit Card,2023-09-16
10991,2348,Headphones,Accessories,2,7790,5,14801.0,North,Credit Card,2024-06-04
10992,2007,Smartwatch,Wearables,1,10913,15,9276.05,Central,UPI,2023-09-23
10993,2312,Smartwatch,Wearables,4,13851,5,52633.8,West,Credit Card,2024-08-21
10994,2442,Monitor,Electronics,1,20649,0,20649.0,West,Credit Card,2024-05-15
10995,2327,Monitor,Electronics,1,12611,15,10719.35,North,Debit Card,2023-03-30
10996,2053,Monitor,Electronics,4,29733,5,112985.4,Central,Debit Card,2023-08-25
10997,2238,Mouse,Accessories,2,2217,5,4212.3,North,Net Banking,2023-08-12
10998,2228,Smartphone,Electronics,1,41516,0,41516.0,West,Credit Card,2024-07-25
10999,2578,Mouse,Accessories,2,2706,10,4870.8,North,Debit Card,2023-06-11
11000,2050,Tablet,Electronics,1,36612,5,34781.4,East,Net Banking,2023-10-02
